Team,TeamID,Conference,ConfID
a&m-corpus chris,293,Southland,29
A&M-Corpus Chris,293,Southland,29
a&m-corpus christi,293,Southland,29
A&M-Corpus Christi,293,Southland,29
abilene chr,1,WAC,33
Abilene Chr,1,WAC,33
abilene christian,1,WAC,33
Abilene Christian,1,WAC,33
Abilene Christian,1,WAC,33
abilene christian,1,WAC,33
abilene-christian,1,WAC,33
Abilene-Christian,1,WAC,33
air force,2,MWC,21
Air Force,2,MWC,21
air-force,2,MWC,21
Air-Force,2,MWC,21
akron,3,MAC,18
Akron,3,MAC,18
Akron,3,MAC,18
akron,3,MAC,18
alabama,4,SEC,27
Alabama,4,SEC,27
Alabama,4,SEC,27
alabama,4,SEC,27
alabama a&m,5,SWAC,32
Alabama A&M,5,SWAC,32
alabama st,6,SWAC,32
Alabama St,6,SWAC,32
alabama st.,6,SWAC,32
Alabama St.,6,SWAC,32
Alabama St.,6,SWAC,32
alabama st.,6,SWAC,32
alabama state,6,SWAC,32
Alabama State,6,SWAC,32
alabama-am,5,SWAC,32
Alabama-Am,5,SWAC,32
alabama-birmingham,311,AAC,2
Alabama-Birmingham,311,AAC,2
alabama-st,6,SWAC,32
Alabama-St,6,SWAC,32
alabama-state,6,SWAC,32
Alabama-State,6,SWAC,32
albany,7,Am. East,4
Albany,7,Am. East,4
Albany,7,Am. East,4
albany,7,Am. East,4
albany (ny),7,Am. East,4
Albany (Ny),7,Am. East,4
albany ny,7,Am. East,4
Albany Ny,7,Am. East,4
albany-ny,7,Am. East,4
Albany-Ny,7,Am. East,4
alcorn,8,SWAC,32
Alcorn,8,SWAC,32
alcorn st,8,SWAC,32
Alcorn St,8,SWAC,32
alcorn st.,8,SWAC,32
Alcorn St.,8,SWAC,32
alcorn state,8,SWAC,32
Alcorn State,8,SWAC,32
alcorn-state,8,SWAC,32
Alcorn-State,8,SWAC,32
am-corpus-chris,293,Southland,29
Am-Corpus-Chris,293,Southland,29
american,9,Patriot,26
American,9,Patriot,26
American,9,Patriot,26
american,9,Patriot,26
american u.,9,Patriot,26
American U.,9,Patriot,26
american univ,9,Patriot,26
American Univ,9,Patriot,26
american university,9,Patriot,26
American University,9,Patriot,26
american-university,9,Patriot,26
American-University,9,Patriot,26
app state,10,Sunbelt,31
App State,10,Sunbelt,31
appalachian st,10,Sunbelt,31
Appalachian St,10,Sunbelt,31
appalachian st.,10,Sunbelt,31
Appalachian St.,10,Sunbelt,31
Appalachian St.,10,Sunbelt,31
appalachian st.,10,Sunbelt,31
appalachian state,10,Sunbelt,31
Appalachian State,10,Sunbelt,31
appalachian-st,10,Sunbelt,31
Appalachian-St,10,Sunbelt,31
appalachian-state,10,Sunbelt,31
Appalachian-State,10,Sunbelt,31
arizona,11,Pac 12,25
Arizona,11,Pac 12,25
Arizona,11,Pac 12,25
arizona,11,Pac 12,25
arizona st,12,Pac 12,25
Arizona St,12,Pac 12,25
arizona st.,12,Pac 12,25
Arizona St.,12,Pac 12,25
Arizona St.,12,Pac 12,25
arizona st.,12,Pac 12,25
arizona state,12,Pac 12,25
Arizona State,12,Pac 12,25
arizona-st,12,Pac 12,25
Arizona-St,12,Pac 12,25
arizona-state,12,Pac 12,25
Arizona-State,12,Pac 12,25
ark little rock,13,OVC,24
Ark Little Rock,13,OVC,24
ark pine bluff,14,SWAC,32
Ark Pine Bluff,14,SWAC,32
ark.-pine bluff,14,SWAC,32
Ark.-Pine Bluff,14,SWAC,32
arkansas,15,SEC,27
Arkansas,15,SEC,27
Arkansas,15,SEC,27
arkansas,15,SEC,27
Arkansas Pine Bluff,14,SWAC,32
arkansas pine bluff,14,SWAC,32
arkansas st,16,Sunbelt,31
Arkansas St,16,Sunbelt,31
arkansas st.,16,Sunbelt,31
Arkansas St.,16,Sunbelt,31
arkansas state,16,Sunbelt,31
Arkansas State,16,Sunbelt,31
arkansas-little rock,13,OVC,24
Arkansas-Little Rock,13,OVC,24
arkansas-little-rock,13,OVC,24
Arkansas-Little-Rock,13,OVC,24
arkansas-pine bluff,14,SWAC,32
Arkansas-Pine Bluff,14,SWAC,32
arkansas-pine-bluff,14,SWAC,32
Arkansas-Pine-Bluff,14,SWAC,32
arkansas-st,16,Sunbelt,31
Arkansas-St,16,Sunbelt,31
arkansas-state,16,Sunbelt,31
Arkansas-State,16,Sunbelt,31
ark-pine-bluff,14,SWAC,32
Ark-Pine-Bluff,14,SWAC,32
armstrong,17,NA,22
Armstrong,17,NA,22
armstrong st,17,NA,22
Armstrong St,17,NA,22
army,18,Patriot,26
Army,18,Patriot,26
army west point,18,Patriot,26
Army West Point,18,Patriot,26
army-west-point,18,Patriot,26
Army-West-Point,18,Patriot,26
auburn,19,SEC,27
Auburn,19,SEC,27
Auburn,19,SEC,27
auburn,19,SEC,27
augusta,20,NA,22
Augusta,20,NA,22
augusta state,20,NA,22
Augusta State,20,NA,22
austin peay,21,A-Sun,5
Austin Peay,21,A-Sun,5
Austin Peay,21,A-Sun,5
austin peay,21,A-Sun,5
austin-peay,21,A-Sun,5
Austin-Peay,21,A-Sun,5
bakersfield,66,Big West,11
Bakersfield,66,Big West,11
ball st,22,MAC,18
Ball St,22,MAC,18
ball st.,22,MAC,18
Ball St.,22,MAC,18
ball state,22,MAC,18
Ball State,22,MAC,18
ball-st,22,MAC,18
Ball-St,22,MAC,18
ball-state,22,MAC,18
Ball-State,22,MAC,18
baylor,23,Big 12,7
Baylor,23,Big 12,7
Baylor,23,Big 12,7
baylor,23,Big 12,7
bellarmine,367,A-Sun,5
Bellarmine,367,A-Sun,5
belmont,24,MVC,20
Belmont,24,MVC,20
Belmont,24,MVC,20
belmont,24,MVC,20
bethune-cookman,25,SWAC,32
Bethune-Cookman,25,SWAC,32
binghamton,26,Am. East,4
Binghamton,26,Am. East,4
Binghamton,26,Am. East,4
binghamton,26,Am. East,4
birmingham so,27,NA,22
Birmingham So,27,NA,22
birmingham southern,27,NA,22
Birmingham Southern,27,NA,22
birmingham-southern,27,NA,22
Birmingham-Southern,27,NA,22
boise st,28,MWC,21
Boise St,28,MWC,21
boise st.,28,MWC,21
Boise St.,28,MWC,21
Boise St.,28,MWC,21
boise st.,28,MWC,21
boise state,28,MWC,21
Boise State,28,MWC,21
boise-st,28,MWC,21
Boise-St,28,MWC,21
boise-state,28,MWC,21
Boise-State,28,MWC,21
boston,30,Patriot,26
Boston,30,Patriot,26
boston college,29,ACC,3
Boston College,29,ACC,3
Boston College,29,ACC,3
boston college,29,ACC,3
boston u,30,Patriot,26
Boston U,30,Patriot,26
boston u.,30,Patriot,26
Boston U.,30,Patriot,26
boston univ,30,Patriot,26
Boston Univ,30,Patriot,26
boston university,30,Patriot,26
Boston University,30,Patriot,26
Boston University,30,Patriot,26
boston university,30,Patriot,26
boston-college,29,ACC,3
Boston-College,29,ACC,3
boston-u,30,Patriot,26
Boston-U,30,Patriot,26
boston-university,30,Patriot,26
Boston-University,30,Patriot,26
bowling green,31,MAC,18
Bowling Green,31,MAC,18
bowling green state,31,MAC,18
Bowling Green State,31,MAC,18
bowling-green,31,MAC,18
Bowling-Green,31,MAC,18
bowling-green-state,31,MAC,18
Bowling-Green-State,31,MAC,18
bradley,32,MVC,20
Bradley,32,MVC,20
Bradley,32,MVC,20
bradley,32,MVC,20
brigham young,39,Big 12,7
Brigham Young,39,Big 12,7
brigham-young,39,Big 12,7
Brigham-Young,39,Big 12,7
brooklyn,33,NA,22
Brooklyn,33,NA,22
brown,34,Ivy,16
Brown,34,Ivy,16
bryant,35,Am. East,4
Bryant,35,Am. East,4
Bryant,35,Am. East,4
bryant,35,Am. East,4
bryant university,35,Am. East,4
Bryant University,35,Am. East,4
bucknell,36,Patriot,26
Bucknell,36,Patriot,26
Bucknell,36,Patriot,26
bucknell,36,Patriot,26
buffalo,37,MAC,18
Buffalo,37,MAC,18
Buffalo,37,MAC,18
buffalo,37,MAC,18
butler,38,Big East,8
Butler,38,Big East,8
Butler,38,Big East,8
butler,38,Big East,8
byu,39,Big 12,7
Byu,39,Big 12,7
BYU,39,Big 12,7
byu,39,Big 12,7
c michigan,40,MAC,18
C Michigan,40,MAC,18
cal baptist,364,WAC,33
Cal Baptist,364,WAC,33
cal poly,41,Big West,11
Cal Poly,41,Big West,11
Cal Poly,41,Big West,11
cal poly,41,Big West,11
cal poly slo,41,Big West,11
Cal Poly Slo,41,Big West,11
cal riverside,314,Big West,11
Cal Riverside,314,Big West,11
Cal St. Bakersfield,66,Big West,11
cal st. bakersfield,66,Big West,11
cal st. fullerton,67,Big West,11
Cal St. Fullerton,67,Big West,11
Cal St. Fullerton,67,Big West,11
cal st. fullerton,67,Big West,11
cal st. northridge,68,Big West,11
Cal St. Northridge,68,Big West,11
Cal St. Northridge,68,Big West,11
cal st. northridge,68,Big West,11
cal state bakersfield,66,Big West,11
Cal State Bakersfield,66,Big West,11
cal state fullerton,67,Big West,11
Cal State Fullerton,67,Big West,11
cal state northridge,68,Big West,11
Cal State Northridge,68,Big West,11
cal state-fullerton,67,Big West,11
Cal State-Fullerton,67,Big West,11
cal. state - bakersfield,66,Big West,11
Cal. State - Bakersfield,66,Big West,11
california,42,Pac 12,25
California,42,Pac 12,25
California,42,Pac 12,25
california,42,Pac 12,25
california baptist,364,WAC,33
California Baptist,364,WAC,33
california-davis,312,Big West,11
California-Davis,312,Big West,11
california-irvine,313,Big West,11
California-Irvine,313,Big West,11
california-riverside,314,Big West,11
California-Riverside,314,Big West,11
california-santa barbara,263,Big West,11
California-Santa Barbara,263,Big West,11
california-santa-barbara,263,Big West,11
California-Santa-Barbara,263,Big West,11
cal-poly,41,Big West,11
Cal-Poly,41,Big West,11
cal-state-bakersfield,66,Big West,11
Cal-State-Bakersfield,66,Big West,11
cal-state-fullerton,67,Big West,11
Cal-State-Fullerton,67,Big West,11
cal-state-northridge,68,Big West,11
Cal-State-Northridge,68,Big West,11
cal-st-fullerton,67,Big West,11
Cal-St-Fullerton,67,Big West,11
campbell,43,CAA,12
Campbell,43,CAA,12
canisius,44,MAAC,17
Canisius,44,MAAC,17
cent arkansas,45,A-Sun,5
Cent Arkansas,45,A-Sun,5
centenary,46,NA,22
Centenary,46,NA,22
centenary (la),46,NA,22
Centenary (La),46,NA,22
centenary-la,46,NA,22
Centenary-La,46,NA,22
central ark.,45,A-Sun,5
Central Ark.,45,A-Sun,5
central arkansas,45,A-Sun,5
Central Arkansas,45,A-Sun,5
central conn,47,NEC,23
Central Conn,47,NEC,23
central conn. st.,47,NEC,23
Central Conn. St.,47,NEC,23
central connecticut,47,NEC,23
Central Connecticut,47,NEC,23
Central Connecticut,47,NEC,23
central connecticut,47,NEC,23
central connecticut state,47,NEC,23
Central Connecticut State,47,NEC,23
central florida,315,Big 12,7
Central Florida,315,Big 12,7
central florida(ucf),315,Big 12,7
Central Florida(Ucf),315,Big 12,7
central mich.,40,MAC,18
Central Mich.,40,MAC,18
central michigan,40,MAC,18
Central Michigan,40,MAC,18
central-ark,45,A-Sun,5
Central-Ark,45,A-Sun,5
central-arkansas,45,A-Sun,5
Central-Arkansas,45,A-Sun,5
central-connecticut-state,47,NEC,23
Central-Connecticut-State,47,NEC,23
central-conn-st,47,NEC,23
Central-Conn-St,47,NEC,23
central-florida,315,Big 12,7
Central-Florida,315,Big 12,7
central-mich,40,MAC,18
Central-Mich,40,MAC,18
central-michigan,40,MAC,18
Central-Michigan,40,MAC,18
charleston,57,CAA,12
Charleston,57,CAA,12
charleston so,48,Big South,10
Charleston So,48,Big South,10
charleston so.,48,Big South,10
Charleston So.,48,Big South,10
charleston southern,48,Big South,10
Charleston Southern,48,Big South,10
charleston-so,48,Big South,10
Charleston-So,48,Big South,10
charleston-southern,48,Big South,10
Charleston-Southern,48,Big South,10
charlotte,49,AAC,2
Charlotte,49,AAC,2
chattanooga,50,Southern,28
Chattanooga,50,Southern,28
Chattanooga,50,Southern,28
chattanooga,50,Southern,28
chicago st,51,Independent,15
Chicago St,51,Independent,15
chicago st.,51,Independent,15
Chicago St.,51,Independent,15
chicago state,51,Independent,15
Chicago State,51,Independent,15
chicago-st,51,Independent,15
Chicago-St,51,Independent,15
chicago-state,51,Independent,15
Chicago-State,51,Independent,15
cincinnati,52,Big 12,7
Cincinnati,52,Big 12,7
Cincinnati,52,Big 12,7
cincinnati,52,Big 12,7
citadel,53,Southern,28
Citadel,53,Southern,28
clemson,54,ACC,3
Clemson,54,ACC,3
Clemson,54,ACC,3
clemson,54,ACC,3
cleveland st,55,Horizon,14
Cleveland St,55,Horizon,14
cleveland st.,55,Horizon,14
Cleveland St.,55,Horizon,14
Cleveland St.,55,Horizon,14
cleveland st.,55,Horizon,14
cleveland state,55,Horizon,14
Cleveland State,55,Horizon,14
cleveland-st,55,Horizon,14
Cleveland-St,55,Horizon,14
cleveland-state,55,Horizon,14
Cleveland-State,55,Horizon,14
coastal car,56,Sunbelt,31
Coastal Car,56,Sunbelt,31
coastal caro.,56,Sunbelt,31
Coastal Caro.,56,Sunbelt,31
coastal carolina,56,Sunbelt,31
Coastal Carolina,56,Sunbelt,31
Coastal Carolina,56,Sunbelt,31
coastal carolina,56,Sunbelt,31
coastal-caro,56,Sunbelt,31
Coastal-Caro,56,Sunbelt,31
coastal-carolina,56,Sunbelt,31
Coastal-Carolina,56,Sunbelt,31
col charleston,57,CAA,12
Col Charleston,57,CAA,12
col. of charleston,57,CAA,12
Col. Of Charleston,57,CAA,12
Col. of Charleston,57,CAA,12
colgate,58,Patriot,26
Colgate,58,Patriot,26
Colgate,58,Patriot,26
colgate,58,Patriot,26
college of charlesto,57,CAA,12
College Of Charlesto,57,CAA,12
college of charleston,57,CAA,12
College Of Charleston,57,CAA,12
College of Charleston,57,CAA,12
college of charleston,57,CAA,12
college-of-charleston,57,CAA,12
College-Of-Charleston,57,CAA,12
col-of-charleston,57,CAA,12
Col-Of-Charleston,57,CAA,12
colorado,59,Pac 12,25
Colorado,59,Pac 12,25
Colorado,59,Pac 12,25
colorado,59,Pac 12,25
colorado st,60,MWC,21
Colorado St,60,MWC,21
colorado st.,60,MWC,21
Colorado St.,60,MWC,21
Colorado St.,60,MWC,21
colorado st.,60,MWC,21
colorado state,60,MWC,21
Colorado State,60,MWC,21
colorado-st,60,MWC,21
Colorado-St,60,MWC,21
colorado-state,60,MWC,21
Colorado-State,60,MWC,21
columbia,61,Ivy,16
Columbia,61,Ivy,16
connecticut,62,Big East,8
Connecticut,62,Big East,8
Connecticut,62,Big East,8
connecticut,62,Big East,8
coppin st,63,MEAC,19
Coppin St,63,MEAC,19
coppin st.,63,MEAC,19
Coppin St.,63,MEAC,19
Coppin St.,63,MEAC,19
coppin st.,63,MEAC,19
coppin state,63,MEAC,19
Coppin State,63,MEAC,19
coppin-st,63,MEAC,19
Coppin-St,63,MEAC,19
coppin-state,63,MEAC,19
Coppin-State,63,MEAC,19
cornell,64,Ivy,16
Cornell,64,Ivy,16
Cornell,64,Ivy,16
cornell,64,Ivy,16
creighton,65,Big East,8
Creighton,65,Big East,8
Creighton,65,Big East,8
creighton,65,Big East,8
cs bakersfield,66,Big West,11
Cs Bakersfield,66,Big West,11
cs fullerton,67,Big West,11
Cs Fullerton,67,Big West,11
cs northridge,68,Big West,11
Cs Northridge,68,Big West,11
cs sacramento,69,Big Sky,9
Cs Sacramento,69,Big Sky,9
csu bakersfield,66,Big West,11
CSU Bakersfield,66,Big West,11
Csu Bakersfield,66,Big West,11
csu northridge,68,Big West,11
Csu Northridge,68,Big West,11
csu-bakersfield,66,Big West,11
Csu-Bakersfield,66,Big West,11
csun,68,Big West,11
Csun,68,Big West,11
dartmouth,70,Ivy,16
Dartmouth,70,Ivy,16
davidson,71,A-10,1
Davidson,71,A-10,1
Davidson,71,A-10,1
davidson,71,A-10,1
dayton,72,A-10,1
Dayton,72,A-10,1
Dayton,72,A-10,1
dayton,72,A-10,1
delaware,73,CAA,12
Delaware,73,CAA,12
Delaware,73,CAA,12
delaware,73,CAA,12
delaware st,74,MEAC,19
Delaware St,74,MEAC,19
delaware st.,74,MEAC,19
Delaware St.,74,MEAC,19
delaware state,74,MEAC,19
Delaware State,74,MEAC,19
delaware-st,74,MEAC,19
Delaware-St,74,MEAC,19
delaware-state,74,MEAC,19
Delaware-State,74,MEAC,19
denver,75,Summit,30
Denver,75,Summit,30
depaul,76,Big East,8
Depaul,76,Big East,8
detroit,77,Horizon,14
Detroit,77,Horizon,14
Detroit,77,Horizon,14
detroit,77,Horizon,14
detroit mercy,77,Horizon,14
Detroit Mercy,77,Horizon,14
detroit-mercy,77,Horizon,14
Detroit-Mercy,77,Horizon,14
dixie st,368,WAC,33
Dixie St,368,WAC,33
dixie state,368,WAC,33
Dixie State,368,WAC,33
drake,78,MVC,20
Drake,78,MVC,20
Drake,78,MVC,20
drake,78,MVC,20
drexel,79,CAA,12
Drexel,79,CAA,12
Drexel,79,CAA,12
drexel,79,CAA,12
duke,80,ACC,3
Duke,80,ACC,3
Duke,80,ACC,3
duke,80,ACC,3
duquesne,81,A-10,1
Duquesne,81,A-10,1
e illinois,82,OVC,24
E Illinois,82,OVC,24
e kentucky,83,A-Sun,5
E Kentucky,83,A-Sun,5
e michigan,84,MAC,18
E Michigan,84,MAC,18
e washington,85,Big Sky,9
E Washington,85,Big Sky,9
east carolina,86,AAC,2
East Carolina,86,AAC,2
east tenn. st.,89,Southern,28
East Tenn. St.,89,Southern,28
east tennessee st.,89,Southern,28
East Tennessee St.,89,Southern,28
East Tennessee St.,89,Southern,28
east tennessee st.,89,Southern,28
east tennessee state,89,Southern,28
East Tennessee State,89,Southern,28
east-carolina,86,AAC,2
East-Carolina,86,AAC,2
eastern ill.,82,OVC,24
Eastern Ill.,82,OVC,24
eastern illinois,82,OVC,24
Eastern Illinois,82,OVC,24
eastern kentucky,83,A-Sun,5
Eastern Kentucky,83,A-Sun,5
Eastern Kentucky,83,A-Sun,5
eastern kentucky,83,A-Sun,5
eastern ky.,83,A-Sun,5
Eastern Ky.,83,A-Sun,5
eastern mich.,84,MAC,18
Eastern Mich.,84,MAC,18
eastern michigan,84,MAC,18
Eastern Michigan,84,MAC,18
eastern wash.,85,Big Sky,9
Eastern Wash.,85,Big Sky,9
eastern washington,85,Big Sky,9
Eastern Washington,85,Big Sky,9
Eastern Washington,85,Big Sky,9
eastern washington,85,Big Sky,9
eastern-ill,82,OVC,24
Eastern-Ill,82,OVC,24
eastern-illinois,82,OVC,24
Eastern-Illinois,82,OVC,24
eastern-kentucky,83,A-Sun,5
Eastern-Kentucky,83,A-Sun,5
eastern-ky,83,A-Sun,5
Eastern-Ky,83,A-Sun,5
eastern-mich,84,MAC,18
Eastern-Mich,84,MAC,18
eastern-michigan,84,MAC,18
Eastern-Michigan,84,MAC,18
eastern-wash,85,Big Sky,9
Eastern-Wash,85,Big Sky,9
eastern-washington,85,Big Sky,9
Eastern-Washington,85,Big Sky,9
east-tennessee-state,89,Southern,28
East-Tennessee-State,89,Southern,28
edwardsville,87,OVC,24
Edwardsville,87,OVC,24
elon,88,CAA,12
Elon,88,CAA,12
elon university,88,CAA,12
Elon University,88,CAA,12
estern carolina,340,Southern,28
Estern Carolina,340,Southern,28
etsu,89,Southern,28
Etsu,89,Southern,28
evansville,90,MVC,20
Evansville,90,MVC,20
f dickinson,91,NEC,23
F Dickinson,91,NEC,23
fairfield,92,MAAC,17
Fairfield,92,MAAC,17
fairleigh dickinson,91,NEC,23
Fairleigh Dickinson,91,NEC,23
Fairleigh Dickinson,91,NEC,23
fairleigh dickinson,91,NEC,23
fairleigh-dickinson,91,NEC,23
Fairleigh-Dickinson,91,NEC,23
fdu,91,NEC,23
Fdu,91,NEC,23
fgcu,94,A-Sun,5
Fgcu,94,A-Sun,5
fiu,97,C-USA,13
Fiu,97,C-USA,13
fl atlantic,93,AAC,2
Fl Atlantic,93,AAC,2
fl gulf coast,94,A-Sun,5
Fl Gulf Coast,94,A-Sun,5
fla. atlantic,93,AAC,2
Fla. Atlantic,93,AAC,2
fla-atlantic,93,AAC,2
Fla-Atlantic,93,AAC,2
florida,95,SEC,27
Florida,95,SEC,27
Florida,95,SEC,27
florida,95,SEC,27
florida a&m,96,SWAC,32
Florida A&M,96,SWAC,32
florida atlantic,93,AAC,2
florida atlantic,93,AAC,2
Florida Atlantic,93,AAC,2
Florida Atlantic,93,AAC,2
florida atlantic,93,AAC,2
florida gulf coast,94,A-Sun,5
Florida Gulf Coast,94,A-Sun,5
Florida Gulf Coast,94,A-Sun,5
florida gulf coast,94,A-Sun,5
florida internationa,97,C-USA,13
Florida Internationa,97,C-USA,13
florida international,97,C-USA,13
Florida International,97,C-USA,13
florida intl,97,C-USA,13
Florida Intl,97,C-USA,13
florida st,98,ACC,3
Florida St,98,ACC,3
florida st.,98,ACC,3
Florida St.,98,ACC,3
Florida St.,98,ACC,3
florida st.,98,ACC,3
florida state,98,ACC,3
Florida State,98,ACC,3
florida-am,96,SWAC,32
Florida-Am,96,SWAC,32
florida-atlantic,93,AAC,2
Florida-Atlantic,93,AAC,2
florida-gulf-coast,94,A-Sun,5
Florida-Gulf-Coast,94,A-Sun,5
florida-international,97,C-USA,13
Florida-International,97,C-USA,13
florida-st,98,ACC,3
Florida-St,98,ACC,3
florida-state,98,ACC,3
Florida-State,98,ACC,3
fordham,99,A-10,1
Fordham,99,A-10,1
fort wayne,135,Horizon,14
Fort Wayne,135,Horizon,14
fort wayne(ipfw),135,Horizon,14
Fort Wayne(Ipfw),135,Horizon,14
fort-wayne,135,Horizon,14
Fort-Wayne,135,Horizon,14
fresno st,100,MWC,21
Fresno St,100,MWC,21
fresno st.,100,MWC,21
Fresno St.,100,MWC,21
Fresno St.,100,MWC,21
fresno st.,100,MWC,21
fresno state,100,MWC,21
Fresno State,100,MWC,21
fresno-st,100,MWC,21
Fresno-St,100,MWC,21
fresno-state,100,MWC,21
Fresno-State,100,MWC,21
furman,101,Southern,28
Furman,101,Southern,28
Furman,101,Southern,28
furman,101,Southern,28
g washington,102,A-10,1
G Washington,102,A-10,1
ga southern,103,Sunbelt,31
Ga Southern,103,Sunbelt,31
ga. southern,103,Sunbelt,31
Ga. Southern,103,Sunbelt,31
gardner webb,104,Big South,10
Gardner Webb,104,Big South,10
Gardner Webb,104,Big South,10
gardner webb,104,Big South,10
gardner-webb,104,Big South,10
Gardner-Webb,104,Big South,10
ga-southern,103,Sunbelt,31
Ga-Southern,103,Sunbelt,31
george mason,105,A-10,1
George Mason,105,A-10,1
George Mason,105,A-10,1
george mason,105,A-10,1
george washington,102,A-10,1
George Washington,102,A-10,1
George Washington,102,A-10,1
george washington,102,A-10,1
george-mason,105,A-10,1
George-Mason,105,A-10,1
georgetown,106,Big East,8
Georgetown,106,Big East,8
Georgetown,106,Big East,8
georgetown,106,Big East,8
george-washington,102,A-10,1
George-Washington,102,A-10,1
georgia,107,SEC,27
Georgia,107,SEC,27
Georgia,107,SEC,27
georgia,107,SEC,27
georgia southern,103,Sunbelt,31
Georgia Southern,103,Sunbelt,31
georgia st,108,Sunbelt,31
Georgia St,108,Sunbelt,31
georgia st.,108,Sunbelt,31
Georgia St.,108,Sunbelt,31
Georgia St.,108,Sunbelt,31
georgia st.,108,Sunbelt,31
georgia state,108,Sunbelt,31
Georgia State,108,Sunbelt,31
georgia tech,109,ACC,3
Georgia Tech,109,ACC,3
Georgia Tech,109,ACC,3
georgia tech,109,ACC,3
georgia-southern,103,Sunbelt,31
Georgia-Southern,103,Sunbelt,31
georgia-st,108,Sunbelt,31
Georgia-St,108,Sunbelt,31
georgia-state,108,Sunbelt,31
Georgia-State,108,Sunbelt,31
georgia-tech,109,ACC,3
Georgia-Tech,109,ACC,3
gonzaga,110,WCC,34
Gonzaga,110,WCC,34
Gonzaga,110,WCC,34
gonzaga,110,WCC,34
grambling,111,SWAC,32
Grambling,111,SWAC,32
grambling st.,111,SWAC,32
Grambling St.,111,SWAC,32
grambling state,111,SWAC,32
Grambling State,111,SWAC,32
grambling-state,111,SWAC,32
Grambling-State,111,SWAC,32
grand canyon,112,WAC,33
Grand Canyon,112,WAC,33
Grand Canyon,112,WAC,33
grand canyon,112,WAC,33
grand-canyon,112,WAC,33
Grand-Canyon,112,WAC,33
green bay,352,Horizon,14
Green Bay,352,Horizon,14
Green Bay,352,Horizon,14
green bay,352,Horizon,14
green-bay,352,Horizon,14
Green-Bay,352,Horizon,14
hampton,113,CAA,12
Hampton,113,CAA,12
Hampton,113,CAA,12
hampton,113,CAA,12
hardin-simmons,114,NA,22
Hardin-Simmons,114,NA,22
hartford,115,NA,22
Hartford,115,NA,22
Hartford,115,NA,22
hartford,115,NA,22
harvard,116,Ivy,16
Harvard,116,Ivy,16
Harvard,116,Ivy,16
harvard,116,Ivy,16
hawaii,117,Big West,11
Hawaii,117,Big West,11
Hawaii,117,Big West,11
hawaii,117,Big West,11
hawai'i,117,Big West,11
Hawai'I,117,Big West,11
high point,118,Big South,10
High Point,118,Big South,10
High Point,118,Big South,10
high point,118,Big South,10
high-point,118,Big South,10
High-Point,118,Big South,10
hofstra,119,CAA,12
Hofstra,119,CAA,12
holy cross,120,Patriot,26
Holy Cross,120,Patriot,26
Holy Cross,120,Patriot,26
holy cross,120,Patriot,26
holy-cross,120,Patriot,26
Holy-Cross,120,Patriot,26
houston,121,Big 12,7
Houston,121,Big 12,7
Houston,121,Big 12,7
houston,121,Big 12,7
houston bap,122,Southland,29
Houston Bap,122,Southland,29
houston baptist,122,Southland,29
Houston Baptist,122,Southland,29
houston chr,122,Southland,29
Houston Chr,122,Southland,29
houston christian,122,Southland,29
Houston Christian,122,Southland,29
houston-baptist,122,Southland,29
Houston-Baptist,122,Southland,29
howard,123,MEAC,19
Howard,123,MEAC,19
Howard,123,MEAC,19
howard,123,MEAC,19
idaho,124,Big Sky,9
Idaho,124,Big Sky,9
idaho st,125,Big Sky,9
Idaho St,125,Big Sky,9
idaho st.,125,Big Sky,9
Idaho St.,125,Big Sky,9
idaho state,125,Big Sky,9
Idaho State,125,Big Sky,9
idaho-st,125,Big Sky,9
Idaho-St,125,Big Sky,9
idaho-state,125,Big Sky,9
Idaho-State,125,Big Sky,9
il chicago,126,MVC,20
Il Chicago,126,MVC,20
ill.-chicago,126,MVC,20
Ill.-Chicago,126,MVC,20
ill-chicago,126,MVC,20
Ill-Chicago,126,MVC,20
illinois,127,Big 10,6
Illinois,127,Big 10,6
Illinois,127,Big 10,6
illinois,127,Big 10,6
illinois st,128,MVC,20
Illinois St,128,MVC,20
illinois st.,128,MVC,20
Illinois St.,128,MVC,20
illinois state,128,MVC,20
Illinois State,128,MVC,20
illinois-chicago,126,MVC,20
Illinois-Chicago,126,MVC,20
illinois-st,128,MVC,20
Illinois-St,128,MVC,20
illinois-state,128,MVC,20
Illinois-State,128,MVC,20
UIW,129,NA,22
incarnate word,129,NA,22
Incarnate Word,129,NA,22
incarnate-word,129,NA,22
Incarnate-Word,129,NA,22
indiana,130,Big 10,6
Indiana,130,Big 10,6
Indiana,130,Big 10,6
indiana,130,Big 10,6
indiana - purdue,136,Horizon,14
Indiana - Purdue,136,Horizon,14
indiana st,131,MVC,20
Indiana St,131,MVC,20
indiana st.,131,MVC,20
Indiana St.,131,MVC,20
Indiana St.,131,MVC,20
indiana st.,131,MVC,20
indiana state,131,MVC,20
Indiana State,131,MVC,20
indiana-st,131,MVC,20
Indiana-St,131,MVC,20
indiana-state,131,MVC,20
Indiana-State,131,MVC,20
iona,132,MAAC,17
Iona,132,MAAC,17
Iona,132,MAAC,17
iona,132,MAAC,17
iowa,133,Big 10,6
Iowa,133,Big 10,6
Iowa,133,Big 10,6
iowa,133,Big 10,6
iowa st,134,Big 12,7
Iowa St,134,Big 12,7
iowa st.,134,Big 12,7
Iowa St.,134,Big 12,7
Iowa St.,134,Big 12,7
iowa st.,134,Big 12,7
iowa state,134,Big 12,7
Iowa State,134,Big 12,7
iowa-st,134,Big 12,7
Iowa-St,134,Big 12,7
iowa-state,134,Big 12,7
Iowa-State,134,Big 12,7
ipfw,135,Horizon,14
Ipfw,135,Horizon,14
iupu - ft. wayne,135,Horizon,14
Iupu - Ft. Wayne,135,Horizon,14
iupu-fort wayne,135,Horizon,14
Iupu-Fort Wayne,135,Horizon,14
iupu-fort-wayne,135,Horizon,14
Iupu-Fort-Wayne,135,Horizon,14
iupui,136,Horizon,14
Iupui,136,Horizon,14
jackson st,137,SWAC,32
Jackson St,137,SWAC,32
jackson st.,137,SWAC,32
Jackson St.,137,SWAC,32
jackson state,137,SWAC,32
Jackson State,137,SWAC,32
jackson-st,137,SWAC,32
Jackson-St,137,SWAC,32
jackson-state,137,SWAC,32
Jackson-State,137,SWAC,32
jacksonville,138,A-Sun,5
Jacksonville,138,A-Sun,5
jacksonville st,139,C-USA,13
Jacksonville St,139,C-USA,13
jacksonville st.,139,C-USA,13
Jacksonville St.,139,C-USA,13
Jacksonville St.,139,C-USA,13
jacksonville st.,139,C-USA,13
jacksonville state,139,C-USA,13
Jacksonville State,139,C-USA,13
jacksonville-st,139,C-USA,13
Jacksonville-St,139,C-USA,13
jacksonville-state,139,C-USA,13
Jacksonville-State,139,C-USA,13
james madison,140,Sunbelt,31
James Madison,140,Sunbelt,31
James Madison,140,Sunbelt,31
james madison,140,Sunbelt,31
james-madison,140,Sunbelt,31
James-Madison,140,Sunbelt,31
kansas,141,Big 12,7
Kansas,141,Big 12,7
Kansas,141,Big 12,7
kansas,141,Big 12,7
kansas city,181,Summit,30
Kansas City,181,Summit,30
kansas st,142,Big 12,7
Kansas St,142,Big 12,7
kansas st.,142,Big 12,7
Kansas St.,142,Big 12,7
Kansas St.,142,Big 12,7
kansas st.,142,Big 12,7
kansas state,142,Big 12,7
Kansas State,142,Big 12,7
kansas-st,142,Big 12,7
Kansas-St,142,Big 12,7
kansas-state,142,Big 12,7
Kansas-State,142,Big 12,7
kennesaw,143,A-Sun,5
Kennesaw,143,A-Sun,5
kennesaw st.,143,A-Sun,5
Kennesaw St.,143,A-Sun,5
Kennesaw St.,143,A-Sun,5
kennesaw st.,143,A-Sun,5
kennesaw state,143,A-Sun,5
Kennesaw State,143,A-Sun,5
kennesaw-st,143,A-Sun,5
Kennesaw-St,143,A-Sun,5
kennesaw-state,143,A-Sun,5
Kennesaw-State,143,A-Sun,5
kent,144,MAC,18
Kent,144,MAC,18
kent st.,144,MAC,18
Kent St.,144,MAC,18
Kent St.,144,MAC,18
kent st.,144,MAC,18
kent state,144,MAC,18
Kent State,144,MAC,18
kent-st,144,MAC,18
Kent-St,144,MAC,18
kent-state,144,MAC,18
Kent-State,144,MAC,18
kentucky,145,SEC,27
Kentucky,145,SEC,27
Kentucky,145,SEC,27
kentucky,145,SEC,27
la salle,146,A-10,1
La Salle,146,A-10,1
La Salle,146,A-10,1
la salle,146,A-10,1
la.-lafayette,317,Sunbelt,31
La.-Lafayette,317,Sunbelt,31
la.-monroe,318,Sunbelt,31
La.-Monroe,318,Sunbelt,31
lafayette,147,Patriot,26
Lafayette,147,Patriot,26
Lafayette,147,Patriot,26
lafayette,147,Patriot,26
lamar,148,Southland,29
Lamar,148,Southland,29
Lamar,148,Southland,29
lamar,148,Southland,29
lamar university,148,Southland,29
Lamar University,148,Southland,29
lamar-university,148,Southland,29
Lamar-University,148,Southland,29
la-monroe,318,Sunbelt,31
La-Monroe,318,Sunbelt,31
la-salle,146,A-10,1
La-Salle,146,A-10,1
le moyne,377,NEC,23
Le Moyne,377,NEC,23
lehigh,149,Patriot,26
Lehigh,149,Patriot,26
Lehigh,149,Patriot,26
lehigh,149,Patriot,26
liberty,150,C-USA,13
Liberty,150,C-USA,13
Liberty,150,C-USA,13
liberty,150,C-USA,13
lindenwood,372,OVC,24
Lindenwood,372,OVC,24
lipscomb,151,A-Sun,5
Lipscomb,151,A-Sun,5
Lipscomb,151,A-Sun,5
lipscomb,151,A-Sun,5
little rock,13,OVC,24
Little Rock,13,OVC,24
Little Rock,13,OVC,24
little rock,13,OVC,24
little-rock,13,OVC,24
Little-Rock,13,OVC,24
liu,153,NEC,23
Liu,153,NEC,23
liu brooklyn,153,NEC,23
Liu Brooklyn,153,NEC,23
LIU Brooklyn,153,NEC,23
liu brooklyn,153,NEC,23
liu-brooklyn,153,NEC,23
Liu-Brooklyn,153,NEC,23
LMU (CA),153,NEC,23
lmu (ca),157,WCC,34
Lmu (Ca),157,WCC,34
long beach st,152,Big West,11
Long Beach St,152,Big West,11
long beach st.,152,Big West,11
Long Beach St.,152,Big West,11
Long Beach St.,152,Big West,11
long beach st.,152,Big West,11
long beach state,152,Big West,11
Long Beach State,152,Big West,11
long island,153,NEC,23
Long Island,153,NEC,23
long island university,153,NEC,23
Long Island University,153,NEC,23
longbeach state,152,Big West,11
Longbeach State,152,Big West,11
long-beach-st,152,Big West,11
Long-Beach-St,152,Big West,11
long-beach-state,152,Big West,11
Long-Beach-State,152,Big West,11
long-island,153,NEC,23
Long-Island,153,NEC,23
long-island-university,153,NEC,23
Long-Island-University,153,NEC,23
longwood,154,Big South,10
Longwood,154,Big South,10
Longwood,154,Big South,10
longwood,154,Big South,10
louisiana,317,Sunbelt,31
Louisiana,317,Sunbelt,31
Louisiana Lafayette,317,Sunbelt,31
louisiana lafayette,317,Sunbelt,31
louisiana state,160,SEC,27
Louisiana State,160,SEC,27
louisiana tech,155,C-USA,13
Louisiana Tech,155,C-USA,13
Louisiana Tech,155,C-USA,13
louisiana tech,155,C-USA,13
louisiana-lafayette,317,Sunbelt,31
Louisiana-Lafayette,317,Sunbelt,31
louisiana-monroe,318,Sunbelt,31
Louisiana-Monroe,318,Sunbelt,31
louisiana-state,160,SEC,27
Louisiana-State,160,SEC,27
louisiana-tech,155,C-USA,13
Louisiana-Tech,155,C-USA,13
louisville,156,ACC,3
Louisville,156,ACC,3
Louisville,156,ACC,3
louisville,156,ACC,3
loy marymount,157,WCC,34
Loy Marymount,157,WCC,34
loyola (il),159,A-10,1
Loyola (Il),159,A-10,1
loyola (md),158,Patriot,26
Loyola (Md),158,Patriot,26
loyola chicago,159,A-10,1
Loyola Chicago,159,A-10,1
Loyola Chicago,159,A-10,1
loyola chicago,159,A-10,1
loyola maryland,158,Patriot,26
Loyola Maryland,158,Patriot,26
loyola marymount,157,WCC,34
Loyola Marymount,157,WCC,34
loyola md,158,Patriot,26
Loyola Md,158,Patriot,26
Loyola MD,158,Patriot,26
loyola md,158,Patriot,26
loyola-c,159,A-10,1
Loyola-C,159,A-10,1
loyola-chicago,159,A-10,1
Loyola-Chicago,159,A-10,1
loyola-il,159,A-10,1
Loyola-Il,159,A-10,1
loyola-maryland,158,Patriot,26
Loyola-Maryland,158,Patriot,26
loyola-marymount,157,WCC,34
Loyola-Marymount,157,WCC,34
loyola-md,158,Patriot,26
Loyola-Md,158,Patriot,26
lsu,160,SEC,27
Lsu,160,SEC,27
LSU,160,SEC,27
lsu,160,SEC,27
ma lowell,161,Am. East,4
Ma Lowell,161,Am. East,4
maine,162,Am. East,4
Maine,162,Am. East,4
manhattan,163,MAAC,17
Manhattan,163,MAAC,17
Manhattan,163,MAAC,17
manhattan,163,MAAC,17
marist,164,MAAC,17
Marist,164,MAAC,17
marquette,165,Big East,8
Marquette,165,Big East,8
Marquette,165,Big East,8
marquette,165,Big East,8
marshall,166,Sunbelt,31
Marshall,166,Sunbelt,31
Marshall,166,Sunbelt,31
marshall,166,Sunbelt,31
maryland,167,Big 10,6
Maryland,167,Big 10,6
Maryland,167,Big 10,6
maryland,167,Big 10,6
maryland - e. shore,170,MEAC,19
Maryland - E. Shore,170,MEAC,19
maryland-baltimore county,319,Am. East,4
Maryland-Baltimore County,319,Am. East,4
maryland-baltimore-county,319,Am. East,4
Maryland-Baltimore-County,319,Am. East,4
maryland-eastern shore,170,MEAC,19
Maryland-Eastern Shore,170,MEAC,19
maryland-eastern-shore,170,MEAC,19
Maryland-Eastern-Shore,170,MEAC,19
massachusetts,168,A-10,1
Massachusetts,168,A-10,1
Massachusetts,168,A-10,1
massachusetts,168,A-10,1
massachusetts lowell,161,Am. East,4
Massachusetts Lowell,161,Am. East,4
massachusetts-lowell,161,Am. East,4
Massachusetts-Lowell,161,Am. East,4
mcneese,169,Southland,29
Mcneese,169,Southland,29
McNeese,169,Southland,29
mcneese st,169,Southland,29
Mcneese St,169,Southland,29
mcneese st.,169,Southland,29
Mcneese St.,169,Southland,29
McNeese St.,169,Southland,29
mcneese st.,169,Southland,29
mcneese state,169,Southland,29
Mcneese State,169,Southland,29
mcneese-state,169,Southland,29
Mcneese-State,169,Southland,29
md baltimore co,319,Am. East,4
Md Baltimore Co,319,Am. East,4
md baltimore cty,319,Am. East,4
Md Baltimore Cty,319,Am. East,4
md e shore,170,MEAC,19
Md E Shore,170,MEAC,19
md. eastern shore,170,MEAC,19
Md. Eastern Shore,170,MEAC,19
memphis,171,AAC,2
Memphis,171,AAC,2
Memphis,171,AAC,2
memphis,171,AAC,2
mercer,172,Southern,28
Mercer,172,Southern,28
Mercer,172,Southern,28
mercer,172,Southern,28
merrimack,366,NEC,23
Merrimack,366,NEC,23
miami - florida,173,ACC,3
Miami - Florida,173,ACC,3
Miami (FL),173,ACC,3
miami (fl),173,ACC,3
Miami (Fl),173,ACC,3
miami (fla.),173,ACC,3
Miami (Fla.),173,ACC,3
Miami (OH),173,ACC,3
miami (oh),174,MAC,18
Miami (Oh),174,MAC,18
miami (ohio),174,MAC,18
Miami (Ohio),174,MAC,18
miami fl,173,ACC,3
Miami Fl,173,ACC,3
Miami FL,173,ACC,3
miami fl,173,ACC,3
miami oh,174,MAC,18
Miami Oh,174,MAC,18
miami-fl,173,ACC,3
Miami-Fl,173,ACC,3
miami-florida,173,ACC,3
Miami-Florida,173,ACC,3
miami-oh,174,MAC,18
Miami-Oh,174,MAC,18
miami-ohio,174,MAC,18
Miami-Ohio,174,MAC,18
michigan,175,Big 10,6
Michigan,175,Big 10,6
Michigan,175,Big 10,6
michigan,175,Big 10,6
michigan st,176,Big 10,6
Michigan St,176,Big 10,6
michigan st.,176,Big 10,6
Michigan St.,176,Big 10,6
Michigan St.,176,Big 10,6
michigan st.,176,Big 10,6
michigan state,176,Big 10,6
Michigan State,176,Big 10,6
michigan-st,176,Big 10,6
Michigan-St,176,Big 10,6
michigan-state,176,Big 10,6
Michigan-State,176,Big 10,6
middle tenn st,191,C-USA,13
Middle Tenn St,191,C-USA,13
middle tenn st.,191,C-USA,13
Middle Tenn St.,191,C-USA,13
middle tenn.,191,C-USA,13
Middle Tenn.,191,C-USA,13
middle tennessee,191,C-USA,13
Middle Tennessee,191,C-USA,13
Middle Tennessee,191,C-USA,13
middle tennessee,191,C-USA,13
middle tennessee st.,191,C-USA,13
Middle Tennessee St.,191,C-USA,13
middle tennessee state,191,C-USA,13
Middle Tennessee State,191,C-USA,13
middle-tenn,191,C-USA,13
Middle-Tenn,191,C-USA,13
middle-tennessee,191,C-USA,13
Middle-Tennessee,191,C-USA,13
middle-tennessee-state,191,C-USA,13
Middle-Tennessee-State,191,C-USA,13
milwaukee,353,Horizon,14
Milwaukee,353,Horizon,14
Milwaukee,353,Horizon,14
milwaukee,353,Horizon,14
minnesota,177,Big 10,6
Minnesota,177,Big 10,6
Minnesota,177,Big 10,6
minnesota,177,Big 10,6
miss valley st.,189,SWAC,32
Miss Valley St.,189,SWAC,32
mississippi,178,SEC,27
Mississippi,178,SEC,27
Mississippi,178,SEC,27
mississippi,178,SEC,27
mississippi st,179,SEC,27
Mississippi St,179,SEC,27
mississippi st.,179,SEC,27
Mississippi St.,179,SEC,27
Mississippi St.,179,SEC,27
mississippi st.,179,SEC,27
mississippi state,179,SEC,27
Mississippi State,179,SEC,27
mississippi val.,189,SWAC,32
Mississippi Val.,189,SWAC,32
Mississippi Valley St.,189,SWAC,32
mississippi valley st.,189,SWAC,32
mississippi valley state,189,SWAC,32
Mississippi Valley State,189,SWAC,32
mississippi-st,179,SEC,27
Mississippi-St,179,SEC,27
mississippi-state,179,SEC,27
Mississippi-State,179,SEC,27
mississippi-val,189,SWAC,32
Mississippi-Val,189,SWAC,32
mississippi-valley-state,189,SWAC,32
Mississippi-Valley-State,189,SWAC,32
missouri,180,SEC,27
Missouri,180,SEC,27
Missouri,180,SEC,27
missouri,180,SEC,27
missouri kc,181,Summit,30
Missouri Kc,181,Summit,30
missouri st,182,MVC,20
Missouri St,182,MVC,20
missouri st.,182,MVC,20
Missouri St.,182,MVC,20
missouri state,182,MVC,20
Missouri State,182,MVC,20
missouri-kansas city,181,Summit,30
Missouri-Kansas City,181,Summit,30
missouri-kansas-city,181,Summit,30
Missouri-Kansas-City,181,Summit,30
missouri-st,182,MVC,20
Missouri-St,182,MVC,20
missouri-state,182,MVC,20
Missouri-State,182,MVC,20
mo kansas city,181,Summit,30
Mo Kansas City,181,Summit,30
monmouth,183,CAA,12
Monmouth,183,CAA,12
monmouth nj,183,CAA,12
Monmouth Nj,183,CAA,12
monmouth-nj,183,CAA,12
Monmouth-Nj,183,CAA,12
montana,184,Big Sky,9
Montana,184,Big Sky,9
Montana,184,Big Sky,9
montana,184,Big Sky,9
montana st,185,Big Sky,9
Montana St,185,Big Sky,9
montana st.,185,Big Sky,9
Montana St.,185,Big Sky,9
Montana St.,185,Big Sky,9
montana st.,185,Big Sky,9
montana state,185,Big Sky,9
Montana State,185,Big Sky,9
montana-st,185,Big Sky,9
Montana-St,185,Big Sky,9
montana-state,185,Big Sky,9
Montana-State,185,Big Sky,9
morehead st,186,OVC,24
Morehead St,186,OVC,24
morehead st.,186,OVC,24
Morehead St.,186,OVC,24
Morehead St.,186,OVC,24
morehead st.,186,OVC,24
morehead state,186,OVC,24
Morehead State,186,OVC,24
morehead-st,186,OVC,24
Morehead-St,186,OVC,24
morehead-state,186,OVC,24
Morehead-State,186,OVC,24
morgan st,187,MEAC,19
Morgan St,187,MEAC,19
morgan st.,187,MEAC,19
Morgan St.,187,MEAC,19
Morgan St.,187,MEAC,19
morgan st.,187,MEAC,19
morgan state,187,MEAC,19
Morgan State,187,MEAC,19
morgan-st,187,MEAC,19
Morgan-St,187,MEAC,19
morgan-state,187,MEAC,19
Morgan-State,187,MEAC,19
morris brown,188,NA,22
Morris Brown,188,NA,22
morris-brown,188,NA,22
Morris-Brown,188,NA,22
mount saint mary`s,190,MAAC,17
Mount Saint Mary`S,190,MAAC,17
mount st. marys,190,MAAC,17
Mount St. Marys,190,MAAC,17
mount st. mary's,190,MAAC,17
Mount St. Mary'S,190,MAAC,17
Mount St. Mary's,190,MAAC,17
mount st. mary's,190,MAAC,17
mount-st-marys,190,MAAC,17
Mount-St-Marys,190,MAAC,17
ms valley st,189,SWAC,32
Ms Valley St,189,SWAC,32
ms valley state,189,SWAC,32
Ms Valley State,189,SWAC,32
mt st mary's,190,MAAC,17
Mt St Mary'S,190,MAAC,17
mt st. mary's,190,MAAC,17
Mt St. Mary'S,190,MAAC,17
mt. st. mary`s,190,MAAC,17
Mt. St. Mary`S,190,MAAC,17
mt. st. mary's,190,MAAC,17
Mt. St. Mary'S,190,MAAC,17
mt-st-marys,190,MAAC,17
Mt-St-Marys,190,MAAC,17
mtsu,191,C-USA,13
Mtsu,191,C-USA,13
murray st,192,MVC,20
Murray St,192,MVC,20
murray st.,192,MVC,20
Murray St.,192,MVC,20
Murray St.,192,MVC,20
murray st.,192,MVC,20
murray state,192,MVC,20
Murray State,192,MVC,20
murray-st,192,MVC,20
Murray-St,192,MVC,20
murray-state,192,MVC,20
Murray-State,192,MVC,20
mvsu(miss. valley st,189,SWAC,32
Mvsu(Miss. Valley St,189,SWAC,32
n colorado,193,Big Sky,9
N Colorado,193,Big Sky,9
n dakota st,194,Summit,30
N Dakota St,194,Summit,30
n illinois,195,MAC,18
N Illinois,195,MAC,18
n kentucky,196,Horizon,14
N Kentucky,196,Horizon,14
n. carolina a&t,198,CAA,12
N. Carolina A&T,198,CAA,12
n.c. a&t,198,CAA,12
N.C. A&T,198,CAA,12
n.c. asheville,320,Big South,10
N.C. Asheville,320,Big South,10
n.c. central,199,MEAC,19
N.C. Central,199,MEAC,19
n.c. state,200,ACC,3
N.C. State,200,ACC,3
n.j.i.t.,211,Am. East,4
N.J.I.T.,211,Am. East,4
navy,197,Patriot,26
Navy,197,Patriot,26
nc a&t,198,CAA,12
Nc A&T,198,CAA,12
nc asheville,320,Big South,10
Nc Asheville,320,Big South,10
nc central,199,MEAC,19
Nc Central,199,MEAC,19
nc charlotte,49,AAC,2
Nc Charlotte,49,AAC,2
nc greensboro,321,Southern,28
Nc Greensboro,321,Southern,28
nc state,200,ACC,3
NC State,200,ACC,3
Nc State,200,ACC,3
nc wilmington,322,CAA,12
Nc Wilmington,322,CAA,12
nc-at,198,CAA,12
Nc-At,198,CAA,12
nc-central,199,MEAC,19
Nc-Central,199,MEAC,19
nc-greensboro,321,Southern,28
Nc-Greensboro,321,Southern,28
nc-state,200,ACC,3
Nc-State,200,ACC,3
nc-wilmington,322,CAA,12
Nc-Wilmington,322,CAA,12
ne illinois,201,NA,22
Ne Illinois,201,NA,22
ne omaha,202,Summit,30
Ne Omaha,202,Summit,30
nebraska,203,Big 10,6
Nebraska,203,Big 10,6
Nebraska,203,Big 10,6
nebraska,203,Big 10,6
nebraska omaha,202,Summit,30
Nebraska Omaha,202,Summit,30
nebraska-omaha,202,Summit,30
Nebraska-Omaha,202,Summit,30
nevada,204,MWC,21
Nevada,204,MWC,21
Nevada,204,MWC,21
nevada,204,MWC,21
nevada-las vegas,323,MWC,21
Nevada-Las Vegas,323,MWC,21
nevada-las-vegas,323,MWC,21
Nevada-Las-Vegas,323,MWC,21
new hampshire,205,Am. East,4
New Hampshire,205,Am. East,4
new jersey tech,211,Am. East,4
New Jersey Tech,211,Am. East,4
new mexico,206,MWC,21
New Mexico,206,MWC,21
New Mexico,206,MWC,21
new mexico,206,MWC,21
new mexico st,207,C-USA,13
New Mexico St,207,C-USA,13
new mexico st.,207,C-USA,13
New Mexico St.,207,C-USA,13
New Mexico St.,207,C-USA,13
new mexico st.,207,C-USA,13
new mexico state,207,C-USA,13
New Mexico State,207,C-USA,13
new orleans,208,Southland,29
New Orleans,208,Southland,29
New Orleans,208,Southland,29
new orleans,208,Southland,29
new-hampshire,205,Am. East,4
New-Hampshire,205,Am. East,4
new-jersey-tech,211,Am. East,4
New-Jersey-Tech,211,Am. East,4
new-mexico,206,MWC,21
New-Mexico,206,MWC,21
new-mexico-st,207,C-USA,13
New-Mexico-St,207,C-USA,13
new-mexico-state,207,C-USA,13
New-Mexico-State,207,C-USA,13
neworleans,208,Southland,29
Neworleans,208,Southland,29
new-orleans,208,Southland,29
New-Orleans,208,Southland,29
niagara,209,MAAC,17
Niagara,209,MAAC,17
nicholls,210,Southland,29
Nicholls,210,Southland,29
nicholls st,210,Southland,29
Nicholls St,210,Southland,29
nicholls st.,210,Southland,29
Nicholls St.,210,Southland,29
nicholls state,210,Southland,29
Nicholls State,210,Southland,29
nicholls-st,210,Southland,29
Nicholls-St,210,Southland,29
nicholls-state,210,Southland,29
Nicholls-State,210,Southland,29
niu,195,MAC,18
Niu,195,MAC,18
njit,211,Am. East,4
Njit,211,Am. East,4
no.carolina a&t,198,CAA,12
No.Carolina A&T,198,CAA,12
norfolk st,212,MEAC,19
Norfolk St,212,MEAC,19
norfolk st.,212,MEAC,19
Norfolk St.,212,MEAC,19
Norfolk St.,212,MEAC,19
norfolk st.,212,MEAC,19
norfolk state,212,MEAC,19
Norfolk State,212,MEAC,19
norfolk-st,212,MEAC,19
Norfolk-St,212,MEAC,19
norfolk-state,212,MEAC,19
Norfolk-State,212,MEAC,19
north ala.,365,A-Sun,5
North Ala.,365,A-Sun,5
north alabama,365,A-Sun,5
North Alabama,365,A-Sun,5
North Caroloina,213,ACC,3
north carolina,213,ACC,3
North Carolina,213,ACC,3
North Carolina,213,ACC,3
north carolina,213,ACC,3
north carolina a&t,198,CAA,12
North Carolina A&T,198,CAA,12
North Carolina A&T,198,CAA,12
north carolina a&t,198,CAA,12
north carolina central,199,MEAC,19
North Carolina Central,199,MEAC,19
North Carolina Central,199,MEAC,19
north carolina central,199,MEAC,19
north carolina st.,200,ACC,3
North Carolina St.,200,ACC,3
North Carolina St.,200,ACC,3
north carolina st.,200,ACC,3
north carolina state,200,ACC,3
North Carolina State,200,ACC,3
north carolina-asheville,320,Big South,10
North Carolina-Asheville,320,Big South,10
north carolina-greensboro,321,Southern,28
North Carolina-Greensboro,321,Southern,28
north carolina-wilmington,322,CAA,12
North Carolina-Wilmington,322,CAA,12
north dakota,214,Summit,30
North Dakota,214,Summit,30
North Dakota,214,Summit,30
north dakota,214,Summit,30
north dakota st.,194,Summit,30
North Dakota St.,194,Summit,30
North Dakota St.,194,Summit,30
north dakota st.,194,Summit,30
north dakota state,194,Summit,30
North Dakota State,194,Summit,30
north florida,215,A-Sun,5
North Florida,215,A-Sun,5
North Florida,215,A-Sun,5
north florida,215,A-Sun,5
north texas,216,AAC,2
North Texas,216,AAC,2
North Texas,216,AAC,2
north texas,216,AAC,2
north-carolina,213,ACC,3
North-Carolina,213,ACC,3
north-carolina-asheville,320,Big South,10
North-Carolina-Asheville,320,Big South,10
north-carolina-at,198,CAA,12
North-Carolina-At,198,CAA,12
north-carolina-central,199,MEAC,19
North-Carolina-Central,199,MEAC,19
north-carolina-charlotte,49,AAC,2
North-Carolina-Charlotte,49,AAC,2
north-carolina-greensboro,321,Southern,28
North-Carolina-Greensboro,321,Southern,28
north-carolina-st,200,ACC,3
North-Carolina-St,200,ACC,3
north-carolina-state,200,ACC,3
North-Carolina-State,200,ACC,3
north-carolina-wilmington,322,CAA,12
North-Carolina-Wilmington,322,CAA,12
north-dakota,214,Summit,30
North-Dakota,214,Summit,30
north-dakota-st,194,Summit,30
North-Dakota-St,194,Summit,30
north-dakota-state,194,Summit,30
North-Dakota-State,194,Summit,30
northeastern,217,CAA,12
Northeastern,217,CAA,12
Northeastern,217,CAA,12
northeastern,217,CAA,12
northeastern illinois,201,NA,22
Northeastern Illinois,201,NA,22
northern ariz.,218,Big Sky,9
Northern Ariz.,218,Big Sky,9
northern arizona,218,Big Sky,9
Northern Arizona,218,Big Sky,9
northern colo.,193,Big Sky,9
Northern Colo.,193,Big Sky,9
northern colorado,193,Big Sky,9
Northern Colorado,193,Big Sky,9
Northern Colorado,193,Big Sky,9
northern colorado,193,Big Sky,9
northern ill.,195,MAC,18
NIU,195,MAC,18
Northern Ill.,195,MAC,18
northern illinois,195,MAC,18
Northern Illinois,195,MAC,18
northern iowa,219,MVC,20
Northern Iowa,219,MVC,20
Northern Iowa,219,MVC,20
northern iowa,219,MVC,20
northern kentucky,196,Horizon,14
Northern Kentucky,196,Horizon,14
Northern Kentucky,196,Horizon,14
northern kentucky,196,Horizon,14
northern ky.,196,Horizon,14
Northern Ky.,196,Horizon,14
northern-ariz,218,Big Sky,9
Northern-Ariz,218,Big Sky,9
northern-arizona,218,Big Sky,9
Northern-Arizona,218,Big Sky,9
northern-colo,193,Big Sky,9
Northern-Colo,193,Big Sky,9
northern-colorado,193,Big Sky,9
Northern-Colorado,193,Big Sky,9
northern-ill,195,MAC,18
Northern-Ill,195,MAC,18
northern-illinois,195,MAC,18
Northern-Illinois,195,MAC,18
northern-iowa,219,MVC,20
Northern-Iowa,219,MVC,20
northern-kentucky,196,Horizon,14
Northern-Kentucky,196,Horizon,14
northern-ky,196,Horizon,14
Northern-Ky,196,Horizon,14
north-florida,215,A-Sun,5
North-Florida,215,A-Sun,5
north-texas,216,AAC,2
North-Texas,216,AAC,2
northwestern,220,Big 10,6
Northwestern,220,Big 10,6
Northwestern,220,Big 10,6
northwestern,220,Big 10,6
northwestern la,221,Southland,29
Northwestern La,221,Southland,29
northwestern st.,221,Southland,29
Northwestern St.,221,Southland,29
Northwestern St.,221,Southland,29
northwestern st.,221,Southland,29
northwestern state,221,Southland,29
Northwestern State,221,Southland,29
northwestern-st,221,Southland,29
Northwestern-St,221,Southland,29
northwestern-state,221,Southland,29
Northwestern-State,221,Southland,29
notre dame,222,ACC,3
Notre Dame,222,ACC,3
Notre Dame,222,ACC,3
notre dame,222,ACC,3
notre-dame,222,ACC,3
Notre-Dame,222,ACC,3
oakland,223,Horizon,14
Oakland,223,Horizon,14
Oakland,223,Horizon,14
oakland,223,Horizon,14
ohio,224,MAC,18
Ohio,224,MAC,18
Ohio,224,MAC,18
ohio,224,MAC,18
ohio st,225,Big 10,6
Ohio St,225,Big 10,6
ohio st.,225,Big 10,6
Ohio St.,225,Big 10,6
Ohio St.,225,Big 10,6
ohio st.,225,Big 10,6
ohio state,225,Big 10,6
Ohio State,225,Big 10,6
ohio-st,225,Big 10,6
Ohio-St,225,Big 10,6
ohio-state,225,Big 10,6
Ohio-State,225,Big 10,6
okla city,226,NA,22
Okla City,226,NA,22
oklahoma,227,Big 12,7
Oklahoma,227,Big 12,7
Oklahoma,227,Big 12,7
oklahoma,227,Big 12,7
oklahoma city,226,NA,22
Oklahoma City,226,NA,22
oklahoma st,228,Big 12,7
Oklahoma St,228,Big 12,7
oklahoma st.,228,Big 12,7
Oklahoma St.,228,Big 12,7
Oklahoma St.,228,Big 12,7
oklahoma st.,228,Big 12,7
oklahoma state,228,Big 12,7
Oklahoma State,228,Big 12,7
oklahoma-st,228,Big 12,7
Oklahoma-St,228,Big 12,7
oklahoma-state,228,Big 12,7
Oklahoma-State,228,Big 12,7
old dominion,229,Sunbelt,31
Old Dominion,229,Sunbelt,31
Old Dominion,229,Sunbelt,31
old dominion,229,Sunbelt,31
old-dominion,229,Sunbelt,31
Old-Dominion,229,Sunbelt,31
ole miss,178,SEC,27
Ole Miss,178,SEC,27
ole-miss,178,SEC,27
Ole-Miss,178,SEC,27
omaha,202,Summit,30
Omaha,202,Summit,30
oral roberts,230,Summit,30
Oral Roberts,230,Summit,30
Oral Roberts,230,Summit,30
oral roberts,230,Summit,30
oral-roberts,230,Summit,30
Oral-Roberts,230,Summit,30
oregon,231,Pac 12,25
Oregon,231,Pac 12,25
Oregon,231,Pac 12,25
oregon,231,Pac 12,25
oregon st,232,Pac 12,25
Oregon St,232,Pac 12,25
oregon st.,232,Pac 12,25
Oregon St.,232,Pac 12,25
Oregon St.,232,Pac 12,25
oregon st.,232,Pac 12,25
oregon state,232,Pac 12,25
Oregon State,232,Pac 12,25
oregon-st,232,Pac 12,25
Oregon-St,232,Pac 12,25
oregon-state,232,Pac 12,25
Oregon-State,232,Pac 12,25
pacific,233,WCC,34
Pacific,233,WCC,34
Pacific,233,WCC,34
pacific,233,WCC,34
penn,234,Ivy,16
Penn,234,Ivy,16
Penn,234,Ivy,16
penn,234,Ivy,16
penn st,235,Big 10,6
Penn St,235,Big 10,6
penn st.,235,Big 10,6
Penn St.,235,Big 10,6
Penn St.,235,Big 10,6
penn st.,235,Big 10,6
penn state,235,Big 10,6
Penn State,235,Big 10,6
penn-st,235,Big 10,6
Penn-St,235,Big 10,6
penn-state,235,Big 10,6
Penn-State,235,Big 10,6
pennsylvania,234,Ivy,16
Pennsylvania,234,Ivy,16
pepperdine,236,WCC,34
Pepperdine,236,WCC,34
pfw,135,Horizon,14
Pfw,135,Horizon,14
pitt,237,ACC,3
Pitt,237,ACC,3
pittsburgh,237,ACC,3
Pittsburgh,237,ACC,3
Pittsburgh,237,ACC,3
pittsburgh,237,ACC,3
portland,238,WCC,34
Portland,238,WCC,34
portland st,239,Big Sky,9
Portland St,239,Big Sky,9
portland st.,239,Big Sky,9
Portland St.,239,Big Sky,9
Portland St.,239,Big Sky,9
portland st.,239,Big Sky,9
portland state,239,Big Sky,9
Portland State,239,Big Sky,9
portland-st,239,Big Sky,9
Portland-St,239,Big Sky,9
portland-state,239,Big Sky,9
Portland-State,239,Big Sky,9
prairie view,240,SWAC,32
Prairie View,240,SWAC,32
prairie view a&m,240,SWAC,32
Prairie View A&M,240,SWAC,32
Prairie View A&M,240,SWAC,32
prairie view a&m,240,SWAC,32
prairie-view,240,SWAC,32
Prairie-View,240,SWAC,32
prairie-view-am,240,SWAC,32
Prairie-View-Am,240,SWAC,32
presbyterian,241,Big South,10
Presbyterian,241,Big South,10
princeton,242,Ivy,16
Princeton,242,Ivy,16
Princeton,242,Ivy,16
princeton,242,Ivy,16
providence,243,Big East,8
Providence,243,Big East,8
Providence,243,Big East,8
providence,243,Big East,8
purdue,244,Big 10,6
Purdue,244,Big 10,6
Purdue,244,Big 10,6
purdue,244,Big 10,6
purdue fort wayne,135,Horizon,14
Purdue Fort Wayne,135,Horizon,14
queens (nc),373,A-Sun,5
Queens (Nc),373,A-Sun,5
queens nc,373,A-Sun,5
Queens Nc,373,A-Sun,5
quinnipiac,245,MAAC,17
Quinnipiac,245,MAAC,17
Quinnipiac,245,MAAC,17
quinnipiac,245,MAAC,17
radford,246,Big South,10
Radford,246,Big South,10
Radford,246,Big South,10
radford,246,Big South,10
rhode island,247,A-10,1
Rhode Island,247,A-10,1
Rhode Island,247,A-10,1
rhode island,247,A-10,1
rhode-island,247,A-10,1
Rhode-Island,247,A-10,1
rice,248,AAC,2
Rice,248,AAC,2
richmond,249,A-10,1
Richmond,249,A-10,1
Richmond,249,A-10,1
richmond,249,A-10,1
rider,250,MAAC,17
Rider,250,MAAC,17
robert morris,251,Horizon,14
Robert Morris,251,Horizon,14
Robert Morris,251,Horizon,14
robert morris,251,Horizon,14
robert-morris,251,Horizon,14
Robert-Morris,251,Horizon,14
rutgers,252,Big 10,6
Rutgers,252,Big 10,6
Rutgers,252,Big 10,6
rutgers,252,Big 10,6
s carolina st,253,MEAC,19
S Carolina St,253,MEAC,19
s carolina state,253,MEAC,19
S Carolina State,253,MEAC,19
s dakota st,254,Summit,30
S Dakota St,254,Summit,30
s illinois,255,MVC,20
S Illinois,255,MVC,20
sacramento st.,69,Big Sky,9
Sacramento St.,69,Big Sky,9
sacramento state,69,Big Sky,9
Sacramento State,69,Big Sky,9
sacramento-st,69,Big Sky,9
Sacramento-St,69,Big Sky,9
sacramento-state,69,Big Sky,9
Sacramento-State,69,Big Sky,9
sacred heart,256,NEC,23
Sacred Heart,256,NEC,23
sacred-heart,256,NEC,23
Sacred-Heart,256,NEC,23
saint bonaventure,281,A-10,1
Saint Bonaventure,281,A-10,1
saint francis (ny),282,NA,22
Saint Francis (Ny),282,NA,22
saint francis (pa),283,NEC,23
Saint Francis (PA),283,NEC,23
Saint Francis (Pa),283,NEC,23
saint john`s,284,Big East,8
Saint John`S,284,Big East,8
saint joseph`s,285,A-10,1
Saint Joseph`S,285,A-10,1
saint joseph’s,285,A-10,1
Saint Joseph’S,285,A-10,1
saint joseph's,285,A-10,1
Saint Joseph'S,285,A-10,1
Saint Joseph's,285,A-10,1
saint joseph's,285,A-10,1
saint louis,286,A-10,1
Saint Louis,286,A-10,1
Saint Louis,286,A-10,1
saint louis,286,A-10,1
saint mary`s,287,WCC,34
Saint Mary`S,287,WCC,34
Saint Mary’s (CA),287,WCC,34
saint mary's,287,WCC,34
Saint Mary'S,287,WCC,34
Saint Mary's,287,WCC,34
saint mary's,287,WCC,34
Saint Mary's (CA),287,WCC,34
saint mary's (ca),287,WCC,34
Saint Mary’s (CA),287,WCC,34
Saint Mary'S (Ca),287,WCC,34
saint peter`s,288,MAAC,17
Saint Peter`S,288,MAAC,17
saint peter’s,288,MAAC,17
Saint Peter’S,288,MAAC,17
saint peter's,288,MAAC,17
Saint Peter'S,288,MAAC,17
Saint Peter's,288,MAAC,17
saint peter's,288,MAAC,17
saint thomas (minn.),371,Summit,30
Saint Thomas (Minn.),371,Summit,30
saint-francis-pa,283,NEC,23
Saint-Francis-Pa,283,NEC,23
saint-josephs,285,A-10,1
Saint-Josephs,285,A-10,1
saintlouis,286,A-10,1
Saintlouis,286,A-10,1
saint-louis,286,A-10,1
Saint-Louis,286,A-10,1
saint-marys,287,WCC,34
Saint-Marys,287,WCC,34
saint-marys-ca,287,WCC,34
Saint-Marys-Ca,287,WCC,34
saint-peters,288,MAAC,17
Saint-Peters,288,MAAC,17
sam houston,257,C-USA,13
Sam Houston,257,C-USA,13
sam houston st,257,C-USA,13
Sam Houston St,257,C-USA,13
sam houston st.,257,C-USA,13
Sam Houston St.,257,C-USA,13
Sam Houston St.,257,C-USA,13
sam houston st.,257,C-USA,13
sam houston state,257,C-USA,13
Sam Houston State,257,C-USA,13
samford,258,Southern,28
Samford,258,Southern,28
Samford,258,Southern,28
samford,258,Southern,28
sam-houston-st,257,C-USA,13
Sam-Houston-St,257,C-USA,13
sam-houston-state,257,C-USA,13
Sam-Houston-State,257,C-USA,13
san diego,259,WCC,34
San Diego,259,WCC,34
San Diego,259,WCC,34
san diego,259,WCC,34
san diego st,260,MWC,21
San Diego St,260,MWC,21
san diego st.,260,MWC,21
San Diego St.,260,MWC,21
San Diego St.,260,MWC,21
san diego st.,260,MWC,21
san diego state,260,MWC,21
San Diego State,260,MWC,21
san francisco,261,WCC,34
San Francisco,261,WCC,34
San Francisco,261,WCC,34
san francisco,261,WCC,34
san jose st,262,MWC,21
San Jose St,262,MWC,21
san jose st.,262,MWC,21
San Jose St.,262,MWC,21
san jose state,262,MWC,21
San Jose State,262,MWC,21
san-diego,259,WCC,34
San-Diego,259,WCC,34
san-diego-st,260,MWC,21
San-Diego-St,260,MWC,21
san-diego-state,260,MWC,21
San-Diego-State,260,MWC,21
san-francisco,261,WCC,34
San-Francisco,261,WCC,34
san-jose-st,262,MWC,21
San-Jose-St,262,MWC,21
san-jose-state,262,MWC,21
San-Jose-State,262,MWC,21
santa barbara,263,Big West,11
Santa Barbara,263,Big West,11
santa clara,264,WCC,34
Santa Clara,264,WCC,34
santa-clara,264,WCC,34
Santa-Clara,264,WCC,34
savannah st,265,NA,22
Savannah St,265,NA,22
savannah st.,265,NA,22
Savannah St.,265,NA,22
savannah state,265,NA,22
Savannah State,265,NA,22
savannah-st,265,NA,22
Savannah-St,265,NA,22
savannah-state,265,NA,22
Savannah-State,265,NA,22
sc state,253,MEAC,19
Sc State,253,MEAC,19
sc upstate,266,Big South,10
Sc Upstate,266,Big South,10
sd state,260,MWC,21
Sd State,260,MWC,21
se louisiana,267,Southland,29
Se Louisiana,267,Southland,29
se missouri st,268,OVC,24
Se Missouri St,268,OVC,24
se missouri st.,268,OVC,24
Se Missouri St.,268,OVC,24
se missouri st.(se,268,OVC,24
Se Missouri St.(Se,268,OVC,24
se missouri state,268,OVC,24
Se Missouri State,268,OVC,24
seattle,269,WAC,33
Seattle,269,WAC,33
seattle u,269,WAC,33
Seattle U,269,WAC,33
seattle-u,269,WAC,33
Seattle-U,269,WAC,33
seton hall,270,Big East,8
Seton Hall,270,Big East,8
Seton Hall,270,Big East,8
seton hall,270,Big East,8
seton-hall,270,Big East,8
Seton-Hall,270,Big East,8
sf austin,271,WAC,33
Sf Austin,271,WAC,33
sfa,271,WAC,33
Sfa,271,WAC,33
siena,272,MAAC,17
Siena,272,MAAC,17
Siena,272,MAAC,17
siena,272,MAAC,17
siu - edwardsville,87,OVC,24
Siu - Edwardsville,87,OVC,24
siu edwardsville,87,OVC,24
Siu Edwardsville,87,OVC,24
siue,87,OVC,24
Siue,87,OVC,24
siu-edwardsville,87,OVC,24
Siu-Edwardsville,87,OVC,24
sju (pa),285,A-10,1
Sju (Pa),285,A-10,1
smu,273,AAC,2
Smu,273,AAC,2
SMU,273,AAC,2
smu,273,AAC,2
south ala.,274,Sunbelt,31
South Ala.,274,Sunbelt,31
south alabama,274,Sunbelt,31
South Alabama,274,Sunbelt,31
South Alabama,274,Sunbelt,31
south alabama,274,Sunbelt,31
south carolina,275,SEC,27
South Carolina,275,SEC,27
South Carolina,275,SEC,27
south carolina,275,SEC,27
south carolina st.,253,MEAC,19
South Carolina St.,253,MEAC,19
south carolina state,253,MEAC,19
South Carolina State,253,MEAC,19
south carolina upstat,266,Big South,10
South Carolina Upstat,266,Big South,10
south carolina upstate,266,Big South,10
South Carolina Upstate,266,Big South,10
south dakota,276,Summit,30
South Dakota,276,Summit,30
south dakota st.,254,Summit,30
South Dakota St.,254,Summit,30
South Dakota St.,254,Summit,30
south dakota st.,254,Summit,30
south dakota state,254,Summit,30
South Dakota State,254,Summit,30
south fla.,277,AAC,2
South Fla.,277,AAC,2
south florida,277,AAC,2
South Florida,277,AAC,2
South Florida,277,AAC,2
south florida,277,AAC,2
south-ala,274,Sunbelt,31
South-Ala,274,Sunbelt,31
south-alabama,274,Sunbelt,31
South-Alabama,274,Sunbelt,31
south-carolina,275,SEC,27
South-Carolina,275,SEC,27
south-carolina-st,253,MEAC,19
South-Carolina-St,253,MEAC,19
south-carolina-state,253,MEAC,19
South-Carolina-State,253,MEAC,19
south-carolina-upstate,266,Big South,10
South-Carolina-Upstate,266,Big South,10
south-dakota,276,Summit,30
South-Dakota,276,Summit,30
south-dakota-st,254,Summit,30
South-Dakota-St,254,Summit,30
south-dakota-state,254,Summit,30
South-Dakota-State,254,Summit,30
Southeast Missouri St.,182,MVC,20
southeast missouri st.,182,MVC,20
southeast missouri state,268,OVC,24
Southeast Missouri State,268,OVC,24
southeast mo. st.,268,OVC,24
Southeast Mo. St.,268,OVC,24
southeastern la.,267,Southland,29
Southeastern La.,267,Southland,29
southeastern louisiana,267,Southland,29
Southeastern Louisiana,267,Southland,29
southeastern-la,267,Southland,29
Southeastern-La,267,Southland,29
southeastern-louisiana,267,Southland,29
Southeastern-Louisiana,267,Southland,29
southeast-missouri-state,268,OVC,24
Southeast-Missouri-State,268,OVC,24
southeast-mo-st,268,OVC,24
Southeast-Mo-St,268,OVC,24
southern,279,SWAC,32
Southern,279,SWAC,32
Southern,279,SWAC,32
southern,279,SWAC,32
southern california,324,Pac 12,25
Southern California,324,Pac 12,25
southern ill.,255,MVC,20
Southern Ill.,255,MVC,20
southern illinois,255,MVC,20
Southern Illinois,255,MVC,20
southern illinois-edwardsville,87,OVC,24
Southern Illinois-Edwardsville,87,OVC,24
southern ind.,374,OVC,24
Southern Ind.,374,OVC,24
southern indiana,374,OVC,24
Southern Indiana,374,OVC,24
southern methodist,273,AAC,2
Southern Methodist,273,AAC,2
southern miss,278,Sunbelt,31
Southern Miss,278,Sunbelt,31
Southern Miss,278,Sunbelt,31
southern miss,278,Sunbelt,31
southern miss.,278,Sunbelt,31
Southern Miss.,278,Sunbelt,31
southern mississippi,278,Sunbelt,31
Southern Mississippi,278,Sunbelt,31
southern u,279,SWAC,32
Southern U,279,SWAC,32
southern u.,279,SWAC,32
Southern U.,279,SWAC,32
southern un,279,SWAC,32
Southern Un,279,SWAC,32
southern univ,279,SWAC,32
Southern Univ,279,SWAC,32
southern utah,280,WAC,33
Southern Utah,280,WAC,33
southern-california,324,Pac 12,25
Southern-California,324,Pac 12,25
southern-ill,255,MVC,20
Southern-Ill,255,MVC,20
southern-illinois,255,MVC,20
Southern-Illinois,255,MVC,20
southern-illinois-edwardsville,87,OVC,24
Southern-Illinois-Edwardsville,87,OVC,24
southern-methodist,273,AAC,2
Southern-Methodist,273,AAC,2
southern-miss,278,Sunbelt,31
Southern-Miss,278,Sunbelt,31
southern-mississippi,278,Sunbelt,31
Southern-Mississippi,278,Sunbelt,31
southern-u,279,SWAC,32
Southern-U,279,SWAC,32
southern-university,279,SWAC,32
Southern-University,279,SWAC,32
southern-utah,280,WAC,33
Southern-Utah,280,WAC,33
south-fla,277,AAC,2
South-Fla,277,AAC,2
south-florida,277,AAC,2
South-Florida,277,AAC,2
southwest missouri state,182,MVC,20
Southwest Missouri State,182,MVC,20
st bonaventure,281,A-10,1
St Bonaventure,281,A-10,1
st francis (ny),282,NA,22
St Francis (Ny),282,NA,22
st francis (pa),283,NEC,23
St Francis (Pa),283,NEC,23
st francis ny,282,NA,22
St Francis Ny,282,NA,22
st francis pa,283,NEC,23
St Francis Pa,283,NEC,23
st john's,284,Big East,8
St John'S,284,Big East,8
st john's (ny),284,Big East,8
St John'S (Ny),284,Big East,8
st joseph's,285,A-10,1
St Joseph'S,285,A-10,1
st joseph's pa,285,A-10,1
St Joseph'S Pa,285,A-10,1
st louis,286,A-10,1
St Louis,286,A-10,1
st mary's (ca),287,WCC,34
St Mary'S (Ca),287,WCC,34
st mary's ca,287,WCC,34
St Mary'S Ca,287,WCC,34
st peter's,288,MAAC,17
St Peter'S,288,MAAC,17
st thomas,371,Summit,30
St Thomas,371,Summit,30
st thomas mn,371,Summit,30
St Thomas Mn,371,Summit,30
st. bonaventure,281,A-10,1
St. Bonaventure,281,A-10,1
St. Bonaventure,281,A-10,1
st. bonaventure,281,A-10,1
st. francis (bkn),282,NA,22
St. Francis (Bkn),282,NA,22
st. francis (ny),282,NA,22
St. Francis (Ny),282,NA,22
st. francis (pa),283,NEC,23
St. Francis (Pa),283,NEC,23
st. francis brooklyn,282,NA,22
St. Francis Brooklyn,282,NA,22
st. francis-ny,282,NA,22
St. Francis-Ny,282,NA,22
st. john`s (ny),284,Big East,8
St. John`S (Ny),284,Big East,8
st. john’s,284,Big East,8
St. John’S,284,Big East,8
st. john's,284,Big East,8
St. John'S,284,Big East,8
St. John's,284,Big East,8
st. john's,284,Big East,8
st. john's (ny),284,Big East,8
St. John'S (Ny),284,Big East,8
st. joseph's,285,A-10,1
St. Joseph'S,285,A-10,1
st. joseph's pa,285,A-10,1
St. Joseph'S Pa,285,A-10,1
st. mary`s (ca),287,WCC,34
St. Mary`S (Ca),287,WCC,34
st. mary's,287,WCC,34
St. Mary'S,287,WCC,34
st. peter's,288,MAAC,17
St. Peter'S,288,MAAC,17
st. thomas (mn),371,Summit,30
St. Thomas (Mn),371,Summit,30
stanford,289,Pac 12,25
Stanford,289,Pac 12,25
Stanford,289,Pac 12,25
stanford,289,Pac 12,25
st-bonaventure,281,A-10,1
St-Bonaventure,281,A-10,1
SFA,271,WAC,33
stephen f. austin,271,WAC,33
Stephen F. Austin,271,WAC,33
Stephen F. Austin,271,WAC,33
stephen f. austin,271,WAC,33
stephen-f-austin,271,WAC,33
Stephen-F-Austin,271,WAC,33
stetson,290,A-Sun,5
Stetson,290,A-Sun,5
st-francis-brooklyn,282,NA,22
St-Francis-Brooklyn,282,NA,22
st-francis-ny,282,NA,22
St-Francis-Ny,282,NA,22
st-francis-pa,283,NEC,23
St-Francis-Pa,283,NEC,23
st-johns,284,Big East,8
St-Johns,284,Big East,8
st-johns-ny,284,Big East,8
St-Johns-Ny,284,Big East,8
st-josephs-pa,285,A-10,1
St-Josephs-Pa,285,A-10,1
st-marys-ca,287,WCC,34
St-Marys-Ca,287,WCC,34
stonehill,375,NEC,23
Stonehill,375,NEC,23
stony brook,291,CAA,12
Stony Brook,291,CAA,12
Stony Brook,291,CAA,12
stony brook,291,CAA,12
stony-brook,291,CAA,12
Stony-Brook,291,CAA,12
st-peters,288,MAAC,17
St-Peters,288,MAAC,17
suny albany,7,Am. East,4
Suny Albany,7,Am. East,4
sw missouri st.,182,MVC,20
Sw Missouri St.,182,MVC,20
syracuse,292,ACC,3
Syracuse,292,ACC,3
Syracuse,292,ACC,3
syracuse,292,ACC,3
tam c,293,Southland,29
Tam C,293,Southland,29
tam c. christi,293,Southland,29
Tam C. Christi,293,Southland,29
tarleton st,369,WAC,33
Tarleton St,369,WAC,33
tarleton st.,369,WAC,33
Tarleton St.,369,WAC,33
tarleton state,369,WAC,33
Tarleton State,369,WAC,33
tcu,294,Big 12,7
Tcu,294,Big 12,7
TCU,294,Big 12,7
tcu,294,Big 12,7
TCU,295,Big 12,7
temple,295,AAC,2
Temple,295,AAC,2
Temple,295,AAC,2
temple,295,AAC,2
tennessee,296,SEC,27
Tennessee,296,SEC,27
Tennessee,296,SEC,27
tennessee,296,SEC,27
tennessee st,297,OVC,24
Tennessee St,297,OVC,24
tennessee st.,297,OVC,24
Tennessee St.,297,OVC,24
tennessee state,297,OVC,24
Tennessee State,297,OVC,24
tennessee tech,298,OVC,24
Tennessee Tech,298,OVC,24
tennessee-chattanooga,50,Southern,28
Tennessee-Chattanooga,50,Southern,28
tennessee-martin,303,OVC,24
Tennessee-Martin,303,OVC,24
tennessee-st,297,OVC,24
Tennessee-St,297,OVC,24
tennessee-state,297,OVC,24
Tennessee-State,297,OVC,24
tennessee-tech,298,OVC,24
Tennessee-Tech,298,OVC,24
tenn-martin,303,OVC,24
Tenn-Martin,303,OVC,24
tex. a&m-commerce,376,Southland,29
Tex. A&M-Commerce,376,Southland,29
tex.-pan american,309,WAC,33
Tex.-Pan American,309,WAC,33
texas,299,Big 12,7
Texas,299,Big 12,7
Texas,299,Big 12,7
texas,299,Big 12,7
texas a&m,300,SEC,27
Texas A&M,300,SEC,27
Texas A&M,300,SEC,27
texas a&m,300,SEC,27
texas a&m cc,293,Southland,29
Texas A&M Cc,293,Southland,29
texas a&m corpus,293,Southland,29
Texas A&M Corpus,293,Southland,29
Texas A&M Corpus Chris,293,Southland,29
texas a&m corpus chris,293,Southland,29
texas a&m-cc,293,Southland,29
Texas A&M-Cc,293,Southland,29
texas a&m-corpus christi,293,Southland,29
Texas A&M-Corpus Christi,293,Southland,29
texas arlington,325,WAC,33
Texas Arlington,325,WAC,33
texas christian,294,Big 12,7
Texas Christian,294,Big 12,7
texas rio grande valley,309,WAC,33
Texas Rio Grande Valley,309,WAC,33
texas san antonio,326,AAC,2
Texas San Antonio,326,AAC,2
texas southern,310,SWAC,32
Texas Southern,310,SWAC,32
Texas Southern,310,SWAC,32
texas southern,310,SWAC,32
texas st,301,Sunbelt,31
Texas St,301,Sunbelt,31
texas st.,301,Sunbelt,31
Texas St.,301,Sunbelt,31
texas state,301,Sunbelt,31
Texas State,301,Sunbelt,31
texas tech,302,Big 12,7
Texas Tech,302,Big 12,7
Texas Tech,302,Big 12,7
texas tech,302,Big 12,7
texasa&m,300,SEC,27
Texasa&M,300,SEC,27
texas-am,300,SEC,27
Texas-Am,300,SEC,27
texas-am-corpus-christi,293,Southland,29
Texas-Am-Corpus-Christi,293,Southland,29
texas-arlington,325,WAC,33
Texas-Arlington,325,WAC,33
texas-christian,294,Big 12,7
Texas-Christian,294,Big 12,7
texas-el paso,330,C-USA,13
Texas-El Paso,330,C-USA,13
texas-el-paso,330,C-USA,13
Texas-El-Paso,330,C-USA,13
texas-pan american,309,WAC,33
Texas-Pan American,309,WAC,33
texas-pan-american,309,WAC,33
Texas-Pan-American,309,WAC,33
texas-rio grande valley,309,WAC,33
Texas-Rio Grande Valley,309,WAC,33
texas-san antonio,326,AAC,2
Texas-San Antonio,326,AAC,2
texas-san antonio(ut,326,AAC,2
Texas-San Antonio(Ut,326,AAC,2
texas-san-antonio,326,AAC,2
Texas-San-Antonio,326,AAC,2
texas-southern,310,SWAC,32
Texas-Southern,310,SWAC,32
texas-st,301,Sunbelt,31
Texas-St,301,Sunbelt,31
texas-state,301,Sunbelt,31
Texas-State,301,Sunbelt,31
texas-tech,302,Big 12,7
Texas-Tech,302,Big 12,7
the citadel,53,Southern,28
The Citadel,53,Southern,28
the-citadel,53,Southern,28
The-Citadel,53,Southern,28
tn martin,303,OVC,24
Tn Martin,303,OVC,24
toledo,304,MAC,18
Toledo,304,MAC,18
towson,305,CAA,12
Towson,305,CAA,12
troy,306,Sunbelt,31
Troy,306,Sunbelt,31
Troy,306,Sunbelt,31
troy,306,Sunbelt,31
troy st.,306,Sunbelt,31
Troy St.,306,Sunbelt,31
tulane,307,AAC,2
Tulane,307,AAC,2
tulsa,308,AAC,2
Tulsa,308,AAC,2
Tulsa,308,AAC,2
tulsa,308,AAC,2
tx a&m commerce,376,Southland,29
Tx A&M Commerce,376,Southland,29
tx pan american,309,WAC,33
Tx Pan American,309,WAC,33
tx southern,310,SWAC,32
Tx Southern,310,SWAC,32
uab,311,AAC,2
Uab,311,AAC,2
UAB,311,AAC,2
uab,311,AAC,2
ualbany,7,Am. East,4
Ualbany,7,Am. East,4
ualr,13,OVC,24
Ualr,13,OVC,24
uc davis,312,Big West,11
Uc Davis,312,Big West,11
UC Davis,312,Big West,11
uc davis,312,Big West,11
uc irvine,313,Big West,11
Uc Irvine,313,Big West,11
UC Irvine,313,Big West,11
uc irvine,313,Big West,11
uc riverside,314,Big West,11
Uc Riverside,314,Big West,11
uc san diego,370,Big West,11
Uc San Diego,370,Big West,11
uc santa barb.,263,Big West,11
Uc Santa Barb.,263,Big West,11
uc santa barbara,263,Big West,11
Uc Santa Barbara,263,Big West,11
UC Santa Barbara,263,Big West,11
uc santa barbara,263,Big West,11
uc-davis,312,Big West,11
Uc-Davis,312,Big West,11
ucf,315,Big 12,7
Ucf,315,Big 12,7
UCF,315,Big 12,7
ucf,315,Big 12,7
uc-irvine,313,Big West,11
Uc-Irvine,313,Big West,11
ucla,316,Pac 12,25
Ucla,316,Pac 12,25
UCLA,316,Pac 12,25
ucla,316,Pac 12,25
UConn,62,Big East,8
uconn,62,Big East,8
Uconn,62,Big East,8
connecticut,62,Big East,8
uc-riverside,314,Big West,11
Uc-Riverside,314,Big West,11
uc-santa barbara,263,Big West,11
Uc-Santa Barbara,263,Big West,11
uc-santa-barbara,263,Big West,11
Uc-Santa-Barbara,263,Big West,11
ucsb,263,Big West,11
Ucsb,263,Big West,11
UIC,126,MVC,20
uic,126,MVC,20
Uic,126,MVC,20
uiq,129,NA,22
Uiq,129,NA,22
ull,317,Sunbelt,31
Ull,317,Sunbelt,31
ulm,318,Sunbelt,31
Ulm,318,Sunbelt,31
umass,168,A-10,1
Umass,168,A-10,1
umass lowell,161,Am. East,4
Umass Lowell,161,Am. East,4
umass-lowell,161,Am. East,4
Umass-Lowell,161,Am. East,4
umbc,319,Am. East,4
Umbc,319,Am. East,4
UMBC,319,Am. East,4
umbc,319,Am. East,4
umes,170,MEAC,19
Umes,170,MEAC,19
umkc,181,Summit,30
Umkc,181,Summit,30
unc,213,ACC,3
Unc,213,ACC,3
unc asheville,320,Big South,10
Unc Asheville,320,Big South,10
UNC Asheville,320,Big South,10
unc asheville,320,Big South,10
unc greensboro,321,Southern,28
Unc Greensboro,321,Southern,28
UNC Greensboro,321,Southern,28
unc greensboro,321,Southern,28
unc wilmington,322,CAA,12
Unc Wilmington,322,CAA,12
UNC Wilmington,322,CAA,12
unc wilmington,322,CAA,12
unc-asheville,320,Big South,10
Unc-Asheville,320,Big South,10
uncg,321,Southern,28
Uncg,321,Southern,28
uncw,322,CAA,12
Uncw,322,CAA,12
uni,219,MVC,20
Uni,219,MVC,20
university of california,42,Pac 12,25
University Of California,42,Pac 12,25
unlv,323,MWC,21
Unlv,323,MWC,21
UNLV,323,MWC,21
unlv,323,MWC,21
usc,324,Pac 12,25
Usc,324,Pac 12,25
USC,324,Pac 12,25
usc,324,Pac 12,25
usc upstate,266,Big South,10
Usc Upstate,266,Big South,10
usc-upstate,266,Big South,10
Usc-Upstate,266,Big South,10
ut arlington,325,WAC,33
Ut Arlington,325,WAC,33
UT Arlington,325,WAC,33
ut arlington,325,WAC,33
ut martin,303,OVC,24
Ut Martin,303,OVC,24
ut san antonio,326,AAC,2
Ut San Antonio,326,AAC,2
utah,327,Pac 12,25
Utah,327,Pac 12,25
Utah,327,Pac 12,25
utah,327,Pac 12,25
utah st,328,MWC,21
Utah St,328,MWC,21
utah st.,328,MWC,21
Utah St.,328,MWC,21
Utah St.,328,MWC,21
utah st.,328,MWC,21
Utah State,328,MWC,21
utah state,328,MWC,21
Utah State,328,MWC,21
utah tech,368,WAC,33
Utah Tech,368,WAC,33
utah valley,329,WAC,33
Utah Valley,329,WAC,33
utah valley st.,329,WAC,33
Utah Valley St.,329,WAC,33
utah-st,328,MWC,21
Utah-St,328,MWC,21
utah-state,328,MWC,21
Utah-State,328,MWC,21
utah-valley,329,WAC,33
Utah-Valley,329,WAC,33
utah-valley-state,329,WAC,33
Utah-Valley-State,329,WAC,33
ut-arlington,325,WAC,33
Ut-Arlington,325,WAC,33
utep,330,C-USA,13
Utep,330,C-USA,13
UTEP,330,C-USA,13
utep,330,C-USA,13
utica,331,NA,22
Utica,331,NA,22
ut-martin,303,OVC,24
Ut-Martin,303,OVC,24
utrgv,309,WAC,33
Utrgv,309,WAC,33
utsa,326,AAC,2
Utsa,326,AAC,2
UTSA,326,AAC,2
utsa,326,AAC,2
va commonwealth,332,A-10,1
Va Commonwealth,332,A-10,1
valparaiso,333,MVC,20
Valparaiso,333,MVC,20
Valparaiso,333,MVC,20
valparaiso,333,MVC,20
vanderbilt,334,SEC,27
Vanderbilt,334,SEC,27
Vanderbilt,334,SEC,27
vanderbilt,334,SEC,27
vcu,332,A-10,1
Vcu,332,A-10,1
VCU,332,A-10,1
vcu,332,A-10,1
vcu(va. commonwealth,332,A-10,1
Vcu(Va. Commonwealth,332,A-10,1
vermont,335,Am. East,4
Vermont,335,Am. East,4
Vermont,335,Am. East,4
vermont,335,Am. East,4
villanova,336,Big East,8
Villanova,336,Big East,8
Villanova,336,Big East,8
villanova,336,Big East,8
virginia,337,ACC,3
Virginia,337,ACC,3
Virginia,337,ACC,3
virginia,337,ACC,3
virginia commonwealth,332,A-10,1
Virginia Commonwealth,332,A-10,1
virginia military,339,Southern,28
Virginia Military,339,Southern,28
virginia military institute,339,Southern,28
Virginia Military Institute,339,Southern,28
virginia tech,338,ACC,3
Virginia Tech,338,ACC,3
Virginia Tech,338,ACC,3
virginia tech,338,ACC,3
virginia-commonwealth,332,A-10,1
Virginia-Commonwealth,332,A-10,1
virginia-military-institute,339,Southern,28
Virginia-Military-Institute,339,Southern,28
virginia-tech,338,ACC,3
Virginia-Tech,338,ACC,3
vmi,339,Southern,28
Vmi,339,Southern,28
w carolina,340,Southern,28
W Carolina,340,Southern,28
w illinois,341,OVC,24
W Illinois,341,OVC,24
w kentucky,342,C-USA,13
W Kentucky,342,C-USA,13
w michigan,343,MAC,18
W Michigan,343,MAC,18
w salem st,344,NA,22
W Salem St,344,NA,22
w texas a&m,345,NA,22
W Texas A&M,345,NA,22
wagner,346,NEC,23
Wagner,346,NEC,23
wake forest,347,ACC,3
Wake Forest,347,ACC,3
Wake Forest,347,ACC,3
wake forest,347,ACC,3
wake-forest,347,ACC,3
Wake-Forest,347,ACC,3
washington,348,Pac 12,25
Washington,348,Pac 12,25
Washington,348,Pac 12,25
washington,348,Pac 12,25
washington st,349,Pac 12,25
Washington St,349,Pac 12,25
washington st.,349,Pac 12,25
Washington St.,349,Pac 12,25
Washington St.,349,Pac 12,25
washington st.,349,Pac 12,25
washington state,349,Pac 12,25
Washington State,349,Pac 12,25
washington-st,349,Pac 12,25
Washington-St,349,Pac 12,25
washington-state,349,Pac 12,25
Washington-State,349,Pac 12,25
weber st,350,Big Sky,9
Weber St,350,Big Sky,9
weber st.,350,Big Sky,9
Weber St.,350,Big Sky,9
Weber St.,350,Big Sky,9
weber st.,350,Big Sky,9
weber state,350,Big Sky,9
Weber State,350,Big Sky,9
weber-st,350,Big Sky,9
Weber-St,350,Big Sky,9
weber-state,350,Big Sky,9
Weber-State,350,Big Sky,9
west texas a&m,345,NA,22
West Texas A&M,345,NA,22
west virginia,351,Big 12,7
West Virginia,351,Big 12,7
West Virginia,351,Big 12,7
west virginia,351,Big 12,7
western caro.,340,Southern,28
Western Caro.,340,Southern,28
western carolina,340,Southern,28
Western Carolina,340,Southern,28
western ill.,341,OVC,24
Western Ill.,341,OVC,24
western illinois,341,OVC,24
Western Illinois,341,OVC,24
W. Kentucky,342,C-USA,13
western kentucky,342,C-USA,13
Western Kentucky,342,C-USA,13
Western Kentucky,342,C-USA,13
western kentucky,342,C-USA,13
western ky.,342,C-USA,13
Western Ky.,342,C-USA,13
western mich.,343,MAC,18
Western Mich.,343,MAC,18
western michigan,343,MAC,18
Western Michigan,343,MAC,18
Western Michigan,343,MAC,18
western michigan,343,MAC,18
western-caro,340,Southern,28
Western-Caro,340,Southern,28
western-carolina,340,Southern,28
Western-Carolina,340,Southern,28
western-ill,341,OVC,24
Western-Ill,341,OVC,24
western-illinois,341,OVC,24
Western-Illinois,341,OVC,24
western-kentucky,342,C-USA,13
Western-Kentucky,342,C-USA,13
western-ky,342,C-USA,13
Western-Ky,342,C-USA,13
western-mich,343,MAC,18
Western-Mich,343,MAC,18
western-michigan,343,MAC,18
Western-Michigan,343,MAC,18
west-virginia,351,Big 12,7
West-Virginia,351,Big 12,7
wi green bay,352,Horizon,14
Wi Green Bay,352,Horizon,14
wi milwaukee,353,Horizon,14
Wi Milwaukee,353,Horizon,14
wichita st,354,AAC,2
Wichita St,354,AAC,2
wichita st.,354,AAC,2
Wichita St.,354,AAC,2
Wichita St.,354,AAC,2
wichita st.,354,AAC,2
wichita state,354,AAC,2
Wichita State,354,AAC,2
wichita-st,354,AAC,2
Wichita-St,354,AAC,2
wichitastate,354,AAC,2
Wichitastate,354,AAC,2
wichita-state,354,AAC,2
Wichita-State,354,AAC,2
william & mary,355,CAA,12
William & Mary,355,CAA,12
william-mary,355,CAA,12
William-Mary,355,CAA,12
william--mary,355,CAA,12
William--Mary,355,CAA,12
winston salem,344,NA,22
Winston Salem,344,NA,22
winston-salem,344,NA,22
Winston-Salem,344,NA,22
winston-salem-state,344,NA,22
Winston-Salem-State,344,NA,22
winthrop,356,Big South,10
Winthrop,356,Big South,10
Winthrop,356,Big South,10
winthrop,356,Big South,10
wis.-green bay,352,Horizon,14
Wis.-Green Bay,352,Horizon,14
wis.-milwaukee,353,Horizon,14
Wis.-Milwaukee,353,Horizon,14
wisconsin,357,Big 10,6
Wisconsin,357,Big 10,6
Wisconsin,357,Big 10,6
wisconsin,357,Big 10,6
wisconsin-green bay,352,Horizon,14
Wisconsin-Green Bay,352,Horizon,14
wisconsin-green-bay,352,Horizon,14
Wisconsin-Green-Bay,352,Horizon,14
wisconsin-milwaukee,353,Horizon,14
Wisconsin-Milwaukee,353,Horizon,14
wku,342,C-USA,13
Wku,342,C-USA,13
wofford,358,Southern,28
Wofford,358,Southern,28
Wofford,358,Southern,28
wofford,358,Southern,28
wright st,359,Horizon,14
Wright St,359,Horizon,14
wright st.,359,Horizon,14
Wright St.,359,Horizon,14
Wright St.,359,Horizon,14
wright st.,359,Horizon,14
wright state,359,Horizon,14
Wright State,359,Horizon,14
wright-st,359,Horizon,14
Wright-St,359,Horizon,14
wright-state,359,Horizon,14
Wright-State,359,Horizon,14
wyoming,360,MWC,21
Wyoming,360,MWC,21
Wyoming,360,MWC,21
wyoming,360,MWC,21
xavier,361,Big East,8
Xavier,361,Big East,8
Xavier,361,Big East,8
xavier,361,Big East,8
yale,362,Ivy,16
Yale,362,Ivy,16
Yale,362,Ivy,16
yale,362,Ivy,16
youngstown st,363,Horizon,14
Youngstown St,363,Horizon,14
youngstown st.,363,Horizon,14
Youngstown St.,363,Horizon,14
youngstown state,363,Horizon,14
Youngstown State,363,Horizon,14
youngstown-st,363,Horizon,14
Youngstown-St,363,Horizon,14
youngstown-state,363,Horizon,14
Youngstown-State,363,Horizon,14
